"STATION","DATE","LATITUDE","LONGITUDE","ELEVATION","NAME","ADPT","ADPT_ATTRIBUTES","ASLP","ASLP_ATTRIBUTES","ASTP","ASTP_ATTRIBUTES","AWBT","AWBT_ATTRIBUTES","AWND","AWND_ATTRIBUTES","CDSD","CDSD_ATTRIBUTES","CLDD","CLDD_ATTRIBUTES","DP01","DP01_ATTRIBUTES","DP10","DP10_ATTRIBUTES","DP1X","DP1X_ATTRIBUTES","DSND","DSND_ATTRIBUTES","DSNW","DSNW_ATTRIBUTES","DT00","DT00_ATTRIBUTES","DT32","DT32_ATTRIBUTES","DX32","DX32_ATTRIBUTES","DX70","DX70_ATTRIBUTES","DX90","DX90_ATTRIBUTES","DYFG","DYFG_ATTRIBUTES","DYHF","DYHF_ATTRIBUTES","DYNT","DYNT_ATTRIBUTES","DYSD","DYSD_ATTRIBUTES","DYSN","DYSN_ATTRIBUTES","DYTS","DYTS_ATTRIBUTES","DYXP","DYXP_ATTRIBUTES","DYXT","DYXT_ATTRIBUTES","EMNT","EMNT_ATTRIBUTES","EMSD","EMSD_ATTRIBUTES","EMSN","EMSN_ATTRIBUTES","EMXP","EMXP_ATTRIBUTES","EMXT","EMXT_ATTRIBUTES","HDSD","HDSD_ATTRIBUTES","HTDD","HTDD_ATTRIBUTES","PRCP","PRCP_ATTRIBUTES","RHAV","RHAV_ATTRIBUTES","RHMN","RHMN_ATTRIBUTES","RHMX","RHMX_ATTRIBUTES","SNOW","SNOW_ATTRIBUTES","TAVG","TAVG_ATTRIBUTES","TMAX","TMAX_ATTRIBUTES","TMIN","TMIN_ATTRIBUTES","TSUN","TSUN_ATTRIBUTES","WDF2","WDF2_ATTRIBUTES","WDF5","WDF5_ATTRIBUTES","WSF2","WSF2_ATTRIBUTES","WSF5","WSF5_ATTRIBUTES"
"USW00023293","1998-07","37.35938","-121.92444","15.0","SAN JOSE, CA US","","","","","","","","","3.3","3,W","","","61.7","3,W","0","3,W","0","3,W","0","3,W","","","","","0","3,W","0","3,W","0","3,W","28","3,W","4","3,W","","","","","19980705",",3,W","","","","","","","19980731","+,3,W","19980718","+,3,W","11.7","3,W,05,","","","","","0.0","3,,W,31,+","33.9","3,W,18,+","1.7","W","1.7","3,W","0.0","3,,,W","","","","","","","","","20.48","3,W","26.53","3,,,W","14.42","3,,,W","","","340","3,W","330","3,W","9.4","3,W","10.3","3,W"
"USW00023293","1998-08","37.35938","-121.92444","15.0","SAN JOSE, CA US","","","","","","","","","2.9",",W","","","107.9",",W","0",",W","0",",W","0",",W","","","","","0",",W","0",",W","0",",W","31",",W","8",",W","","","","","19980821",",,W","","","","","","","19980831","+,,W","19980804","+,,W","11.1",",W,21,","","","","","0.0",",,W,31,+","37.2",",W,04,+","2.9","W","1.2",",W","0.0",",,,W","","","","","","","","","21.78",",W","29.01",",,,W","14.54",",,,W","","","340",",W","340",",W","9.4",",W","10.7",",W"
"USW00023293","1998-09","37.35938","-121.92444","15.0","SAN JOSE, CA US","","","","","","","","","2.9",",W","","","75.3",",W","3",",W","0",",W","0",",W","","","","","0",",W","0",",W","0",",W","26",",W","5",",W","","","","","19980927",",,W","","","","","","","19980926",",,W","19980907",",,W","10.0",",W,27,","","","","","0.8",",,W,26,","34.4",",W,07,","15.7","W","12.8",",W","1.4",",,,W","","","","","","","","","20.42",",W","26.41",",,,W","14.42",",,,W","","","220",",W","230",",W","10.7",",W","13.0",",W"
"USW00023293","1998-10","37.35938","-121.92444","15.0","SAN JOSE, CA US","","","","","","","","","2.6","1,W","","","3.9","1,W","2",",W","1",",W","0",",W","","","","","0","1,W","0","1,W","0","1,W","20","1,W","0","1,W","","","","","19981031","+,1,W","","","","","","","19981024",",,W","19981006",",1,W","6.1","1,W,31,+","","","","","13.7",",,W,24,","31.1","1,W,06,","92.5","W","76.8","1,W","14.0",",,,W","","","","","","","","","15.90","1,W","22.59","1,,,W","9.22","1,,,W","","","360","1,W","20",",W","10.3","1,W","12.5",",W"
"USW00023293","1998-11","37.35938","-121.92444","15.0","SAN JOSE, CA US","","","","","","","","","2.9",",W","","","0.0",",W","13",",W","5",",W","0",",W","","","","","0",",W","0",",W","0",",W","2",",W","0",",W","","","","","19981120",",,W","","","","","","","19981130",",,W","19981126","+,,W","3.3",",W,20,","","","","","18.3",",,W,30,","21.1",",W,26,+","271.4","W","178.9",",W","46.7",",,,W","","","","","","","","","12.37",",W","17.08",",,,W","7.66",",,,W","","","130",",W","130",",W","11.6",",W","15.2",",W"
"USW00023293","1998-12","37.35938","-121.92444","15.0","SAN JOSE, CA US","","","","","","","","","2.3",",W","","","0.0",",W","6",",W","1",",W","0",",W","","","","","0",",W","6",",W","0",",W","2",",W","0",",W","","","","","19981224",",,W","","","","","","","19981213",",,W","19981216",",,W","-4.4",",W,24,","","","","","2.5",",,W,13,","22.2",",W,16,","599.8","W","328.4",",W","6.9",",,,W","","","","","","","","","7.74",",W","13.33",",,,W","2.15",",,,W","","","300",",W","310",",W","14.8",",W","17.4",",W"
"USW00023293","1999-01","37.35938","-121.92444","15.0","SAN JOSE, CA US","","","","","","","","","2.3",",W","0.0","W","0.0",",W","10",",W","6",",W","0",",W","","","","","0",",W","2",",W","0",",W","0",",W","0",",W","","","","","19990124","+,,W","","","","","","","19990118",",,W","19990117","+,,W","0.0",",W,24,+","","","","","19.3",",,W,18,","18.3",",W,17,+","874.3","W","274.5",",W","70.4",",,,W","","","","","","","","","9.48",",W","14.65",",,,W","4.31",",,,W","","","310",",W","210",",W","10.3",",W","13.0",",W"
"USW00023293","1999-02","37.35938","-121.92444","15.0","SAN JOSE, CA US","","","","","","","","","2.8",",W","0.0","W","0.0",",W","14",",W","9",",W","0",",W","","","","","0",",W","1",",W","0",",W","1",",W","0",",W","","","","","19990211",",,W","","","","","","","19990209",",,W","19990228",",,W","-0.6",",W,11,","","","","","16.8",",,W,09,","21.1",",W,28,","1105.9","W","231.6",",W","66.1",",,,W","","","","","","","","","10.06",",W","15.11",",,,W","5.01",",,,W","","","180",",W","190",",W","14.3",",W","17.9",",W"
"USW00023293","1999-03","37.35938","-121.92444","15.0","SAN JOSE, CA US","","","","","","","","","3.4",",W","0.0","W","0.0",",W","13",",W","5",",W","0",",W","","","","","0",",W","0",",W","0",",W","1",",W","0",",W","","","","","19990328",",,W","","","","","","","19990314",",,W","19990302",",,W","1.7",",W,28,","","","","","15.2",",,W,14,","22.2",",W,02,","1338.7","W","232.8",",W","41.3",",,,W","","","","","","","","","10.82",",W","15.57",",,,W","6.07",",,,W","","","140",",W","140",",W","12.5",",W","14.8",",W"
"USW00023293","1999-04","37.35938","-121.92444","15.0","SAN JOSE, CA US","","","","","","","","","4.0",",W","7.5","W","7.5",",W","5",",W","4",",W","0",",W","","","","","0",",W","0",",W","0",",W","12",",W","0",",W","","","","","19990409",",,W","","","","","","","19990408","+,,W","19990416",",,W","2.2",",W,09,","","","","","10.4",",,W,08,+","31.7",",W,16,","1493.5","W","154.8",",W","36.8",",,,W","","","","","","","","","13.42",",W","19.11",",,,W","7.73",",,,W","","","310",",W","330",",W","16.1",",W","20.6",",W"
"USW00023293","1999-05","37.35938","-121.92444","15.0","SAN JOSE, CA US","","","","","","","","","4.0",",W","7.8","W","0.3",",W","2",",W","0",",W","0",",W","","","","","0",",W","0",",W","0",",W","12",",W","0",",W","","","","","19990508",",,W","","","","","","","19990503","+,,W","19990522",",,W","5.6",",W,08,","","","","","0.3",",,W,03,+","26.1",",W,22,","1608.0","W","114.5",",W","0.6",",,,W","","","","","","","","","14.65",",W","20.21",",,,W","9.09",",,,W","","","320",",W","330",",W","11.2",",W","13.4",",W"
"USW00023293","1999-06","37.35938","-121.92444","15.0","SAN JOSE, CA US","","","","","","","","","3.5",",W","37.5","W","29.7",",W","2",",W","0",",W","0",",W","","","","","0",",W","0",",W","0",",W","24",",W","3",",W","","","","","19990608",",,W","","","","","","","19990603",",,W","19990630",",,W","7.2",",W,08,","","","","","1.8",",,W,03,","34.4",",W,30,","1653.5","W","45.5",",W","2.1",",,,W","","","","","","","","","17.81",",W","23.96",",,,W","11.65",",,,W","","","210",",W","210",",W","11.2",",W","14.3",",W"
"USW00023293","1999-07","37.35938","-121.92444","15.0","SAN JOSE, CA US","","","","","","","","","3.5",",W","85.0","W","47.5",",W","0",",W","0",",W","0",",W","","","","","0",",W","0",",W","0",",W","30",",W","3",",W","","","","","19990704",",,W","","","","","","","19990731","+,,W","19990712",",,W","10.0",",W,04,","","","","","0.0",",,W,31,+","35.6",",W,12,","11.2","W","11.2",",W","0.0",",,,W","","","","","","","","","19.50",",W","25.31",",,,W","13.70",",,,W","","","330",",W","320",",W","10.3",",W","12.5",",W"
"USW00023293","1999-08","37.35938","-121.92444","15.0","SAN JOSE, CA US","","","","","","","","","3.2",",W","135.7","W","50.7",",W","1",",W","0",",W","0",",W","","","","","0",",W","0",",W","0",",W","28",",W","3",",W","","","","","19990815",",,W","","","","","","","19990803",",,W","19990822",",,W","10.6",",W,15,","","","","","1.5",",,W,03,","35.6",",W,22,","16.5","W","5.3",",W","1.5",",,,W","","","","","","","","","19.80",",W","25.27",",,,W","14.33",",,,W","","","330",",W","320",",W","10.3",",W","12.5",",W"
"USW00023293","1999-09","37.35938","-121.92444","15.0","SAN JOSE, CA US","","","","","","","","","2.7",",W","184.8","W","49.1",",W","3",",W","0",",W","0",",W","","","","","0",",W","0",",W","0",",W","30",",W","5",",W","","","","","19990901",",,W","","","","","","","19990922",",,W","19990926",",,W","10.6",",W,01,","","","","","0.8",",,W,22,","35.0",",W,26,","19.9","W","3.4",",W","1.4",",,,W","","","","","","","","","19.85",",W","26.17",",,,W","13.54",",,,W","","","350",",W","330",",W","10.3",",W","11.6",",W"
"USW00023293","1999-10","37.35938","-121.92444","15.0","SAN JOSE, CA US","","","","","","","","","2.2",",W","214.8","W","30.0",",W","2",",W","0",",W","0",",W","","","","","0",",W","0",",W","0",",W","28",",W","1",",W","","","","","19991030","+,,W","","","","","","","19991028",",,W","19991010",",,W","7.2",",W,30,+","","","","","1.3",",,W,28,","32.8",",W,10,","54.9","W","35.0",",W","1.6",",,,W","","","","","","","","","18.17",",W","25.27",",,,W","11.07",",,,W","","","180",",W","200",",W","10.7",",W","13.9",",W"
"USW00023293","1999-11","37.35938","-121.92444","15.0","SAN JOSE, CA US","","","","","","","","","2.6",",W","214.8","W","0.0",",W","9",",W","4",",W","0",",W","","","","","0",",W","0",",W","0",",W","10",",W","0",",W","","","","","19991124","+,,W","","","","","","","19991107",",,W","19991101",",,W","3.9",",W,24,+","","","","","8.4",",,W,07,","27.2",",W,01,","184.1","W","129.2",",W","28.8",",,,W","","","","","","","","","14.03",",W","19.12",",,,W","8.93",",,,W","","","110",",W","120",",W","13.0",",W","16.1",",W"
"USW00023293","1999-12","37.35938","-121.92444","15.0","SAN JOSE, CA US","","","","","","","","","2.1",",W","214.8","W","0.0",",W","5",",W","1",",W","0",",W","","","","","0",",W","0",",W","0",",W","3",",W","0",",W","","","","","19991216",",,W","","","","","","","19991209",",,W","19991220",",,W","1.1",",W,16,","","","","","9.1",",,W,09,","23.9",",W,20,","439.8","W","255.7",",W","11.4",",,,W","","","","","","","","","10.08",",W","16.31",",,,W","3.85",",,,W","","","340",",W","330",",W","10.7",",W","13.4",",W"
"USW00023293","2000-01","37.35938","-121.92444","15.0","SAN JOSE, CA US","","","","","","","","","2.5",",W","0.0","0","0.0",",W","11",",W","8",",W","2",",W","","","","","0",",W","0",",W","0",",W","1",",W","0",",W","","","","","20000106","+,,W","","","","","","","20000124",",,W","20000115",",,W","1.7",",W,06,+","","","","","44.7",",,W,24,","21.1",",W,15,","657.0","0","217.2",",W","121.7",",,,W","","","","","","","","","11.33",",W","15.46",",,,W","7.19",",,,W","","","130",",W","140",",W","12.5",",W","14.8",",W"
"USW00023293","2000-02","37.35938","-121.92444","15.0","SAN JOSE, CA US","","","","","","","","","3.5",",W","0.0","0","0.0",",W","19",",W","11",",W","2",",W","","","","","0",",W","0",",W","0",",W","0",",W","0",",W","","","","","20000224",",,W","","","","","","","20000222",",,W","20000203",",,W","2.8",",W,24,","","","","","25.9",",,W,22,","20.0",",W,03,","840.5","0","183.5",",W","116.1",",,,W","","","","","","","","","12.01",",W","16.14",",,,W","7.87",",,,W","","","140",",W","150",",W","15.2",",W","19.2",",W"
"USW00023293","2000-03","37.35938","-121.92444","15.0","SAN JOSE, CA US","","","","","","","","","3.3",",W","1.1","0","1.1",",W","6",",W","6",",W","0",",W","","","","","0",",W","0",",W","0",",W","6",",W","0",",W","","","","","20000308",",,W","","","","","","","20000308",",,W","20000331",",,W","3.9",",W,08,","","","","","13.7",",,W,08,","26.7",",W,31,","1012.9","0","172.4",",W","40.7",",,,W","","","","","","","","","12.81",",W","18.10",",,,W","7.51",",,,W","","","200",",W","190",",W","12.5",",W","14.3",",W"
"USW00023293","2000-04","37.35938","-121.92444","15.0","SAN JOSE, CA US","","","","","","","","","3.8",",W","7.2","0","6.1",",W","7",",W","4",",W","0",",W","","","","","0",",W","0",",W","0",",W","12",",W","0",",W","","","","","20000429","+,,W","","","","","","","20000417",",,W","20000402",",,W","6.1",",W,29,+","","","","","5.1",",,W,17,","29.4",",W,02,","1112.1","0","99.2",",W","16.2",",,,W","","","","","","","","","15.23",",W","20.72",",,,W","9.74",",,,W","","","140",",W","140",",W","12.5",",W","16.1",",W"
"USW00023293","2000-05","37.35938","-121.92444","15.0","SAN JOSE, CA US","","","","","","","","","3.8",",W","41.7","0","34.5",",W","6",",W","1",",W","0",",W","","","","","0",",W","0",",W","0",",W","18",",W","2",",W","","","","","20000512",",,W","","","","","","","20000515",",,W","20000521",",,W","6.1",",W,12,","","","","","5.1",",,W,15,","36.1",",W,21,","1175.1","0","63.0",",W","7.5",",,,W","","","","","","","","","17.41",",W","23.09",",,,W","11.74",",,,W","","","190",",W","200",",W","13.0",",W","16.1",",W"
"USW00023293","2000-06","37.35938","-121.92444","15.0","SAN JOSE, CA US","","","","","","","","","3.6","3,W","101.0","0","59.3","2,W","2","2,W","1","2,W","0","2,W","","","","","0","2,W","0","2,W","0","2,W","27","2,W","3","2,W","","","","","20000611","+,2,W","","","","","","","20000607",",2,W","20000614",",2,W","10.0","2,W,11,+","","","","","4.6","2,,W,07,","41.1","2,W,14,","1192.7","0","17.6","2,W","6.6","2,,,W","","","","","","","","","19.82","2,W","26.05","2,,,W","13.59","2,,,W","","","320","2,W","360","2,W","9.8","2,W","11.2","2,W"
"USW00023293","2000-07","37.35938","-121.92444","15.0","SAN JOSE, CA US","","","","","","","","","3.5",",W","140.4","0","39.4",",W","1",",W","0",",W","0",",W","","","","","0",",W","0",",W","0",",W","30",",W","1",",W","","","","","20000704",",,W","","","","","","","20000731",",,W","20000731",",,W","11.1",",W,04,","","","","","1.0",",,W,31,","32.2",",W,31,","7.8","0","7.8",",W","1.0",",,,W","","","","","","","","","19.35",",W","25.37",",,,W","13.33",",,,W","","","330",",W","330",",W","10.3",",W","11.2",",W"
"USW00023293","2000-08","37.35938","-121.92444","15.0","SAN JOSE, CA US","","","","","","","","","3.2",",W","212.8","0","72.4",",W","1",",W","0",",W","0",",W","","","","","0",",W","0",",W","0",",W","30",",W","2",",W","","","","","20000820",",,W","","","","","","","20000830",",,W","20000801",",,W","11.1",",W,20,","","","","","0.3",",,W,30,","33.9",",W,01,","9.8","0","2.0",",W","0.3",",,,W","","","","","","","","","20.61",",W","26.86",",,,W","14.35",",,,W","","","330",",W","340",",W","9.8",",W","11.2",",W"
"USW00023293","2000-09","37.35938","-121.92444","15.0","SAN JOSE, CA US","","","","","","","","","3.0",",X","293.0","0","80.2",",0","2",",0","0",",0","0",",0","","","","","0",",0","0",",0","0",",0","29",",0","6",",0","2","","","","20000905",",,0","","","","","4","","20000901",",,0","20000919","+,,0","10.0",",0,05,","","","","","2.3",",,0,01,","36.7",",0,19,+","16.1","0","6.3",",0","2.6",",,,0","","","","","","","","","20.80",",0","27.63",",,,0","13.96",",,,0","","","210",",X","200",",X","11.2",",X","14.8",",X"
"USW00023293","2000-10","37.35938","-121.92444","15.0","SAN JOSE, CA US","","","","","","","","","3.0",",X","298.0","0","5.0",",0","8",",0","5",",0","0",",0","","","","","0",",0","0",",0","0",",0","20",",0","0",",0","15","","","","20001031",",,0","","","","","5","","20001026",",,0","20001001",",,0","6.7",",0,31,","","","","","18.3",",,0,26,","28.3",",0,01,","73.5","0","57.4",",0","54.4",",,,0","","","","","","","","","16.64",",0","21.54",",,,0","11.74",",,,0","","","350",",X","30",",X","13.0",",X","19.2",",X"
"USW00023293","2000-11","37.35938","-121.92444","15.0","SAN JOSE, CA US","","","","","","","","","2.1",",X","298.0","0","0.0",",0","7",",0","1",",0","0",",0","","","","","0",",0","0",",0","0",",0","4",",0","0",",0","12","","3","","20001112",",,0","","","","","4","","20001129",",,0","20001107","+,,0","1.7",",0,12,","","","","","6.4",",,0,29,","23.3",",0,07,+","290.5","0","217.0",",0","11.6",",,,0","","","","","","","","","11.10",",0","16.46",",,,0","5.74",",,,0","","","320",",X","320",",X","9.4",",X","11.2",",X"
"USW00023293","2000-12","37.35938","-121.92444","15.0","SAN JOSE, CA US","","","","","","","","","1.6",",X","298.0","0","0.0",",0","5",",0","1",",0","0",",0","","","","","0",",0","0",",0","0",",0","0",",0","0",",0","14","","2","","20001230",",,0","","","","","","","20001212",",,0","20001216",",,0","1.1",",0,30,","","","","","2.8",",,0,12,","18.3",",0,16,","531.6","0","241.1",",0","7.0",",,,0","","","","","","","","","10.55",",0","15.76",",,,0","5.35",",,,0","","","330",",X","40",",X","9.8",",X","11.6",",X"
"USW00023293","2001-01","37.35938","-121.92444","15.0","SAN JOSE, CA US","","","","","","","","","2.8",",X","0.0","0","0.0",",0","10",",0","6",",0","0",",0","","","","","0",",0","1",",0","0",",0","0",",0","0",",0","12","","","","20010117",",,0","","","","","1","","20010110",",,0","20010104","+,,0","-1.1",",0,17,","","","","","18.0",",,0,10,","18.3",",0,04,+","823.8","0","292.2",",0","65.4",",,,0","","","","","","","","","8.91",",0","14.30",",,,0","3.52",",,,0","","","130","1,X","120","1,X","15.6","1,X","19.2","1,X"
"USW00023293","2001-02","37.35938","-121.92444","15.0","SAN JOSE, CA US","","","","","","","","","3.7",",X","0.0","0","0.0",",0","13",",0","8",",0","0",",0","","","","","0",",0","0",",0","0",",0","1",",0","0",",0","9","","","","20010201",",,0","","","","","1","","20010212",",,0","20010204",",,0","1.1",",0,01,","","","","","17.0",",,0,12,","22.8",",0,04,","1040.9","0","217.1",",0","101.1",",,,0","","","","","","","","","10.58",",0","15.12",",,,0","6.04",",,,0","","","290",",X","290",",X","15.6",",X","19.2",",X"
"USW00023293","2001-03","37.35938","-121.92444","15.0","SAN JOSE, CA US","","","","","","","","","2.9",",X","1.7","0","1.7",",0","8",",0","5",",0","0",",0","","","","","0",",0","0",",0","0",",0","9",",0","0",",0","10","","2","","20010303",",,0","","","","","","","20010304",",,0","20010320",",,0","2.8",",0,03,","","","","","13.7",",,0,04,","26.7",",0,20,","1180.3","0","139.4",",0","34.9",",,,0","","","","","","","","","13.89",",0","19.48",",,,0","8.30",",,,0","","","120",",X","150",",X","14.3",",X","18.3",",X"
"USW00023293","2001-04","37.35938","-121.92444","15.0","SAN JOSE, CA US","","","","","","","","","3.4",",X","3.4","0","1.7",",0","7",",0","4",",0","0",",0","","","","","0",",0","0",",0","0",",0","7",",0","0",",0","4","","","","20010414","+,,0","","","","","","","20010420",",,0","20010424",",,0","3.3",",0,14,+","","","","","13.0",",,0,20,","27.8",",0,24,","1354.6","0","174.3",",0","29.8",",,,0","","","","","","","","","12.58",",0","18.30",",,,0","6.86",",,,0","","","300",",X","290",",X","13.0",",X","15.6",",X"
"USW00023293","2001-05","37.35938","-121.92444","15.0","SAN JOSE, CA US","","","","","","","","","3.3",",X","66.2","0","62.8",",0","0",",0","0",",0","0",",0","","","","","0",",0","0",",0","0",",0","28",",0","4",",0","4","","","","20010528","+,,0","","","","","","","20010531","+,,0","20010530",",,0","9.4",",0,28,+","","","","","0.0",",,0,31,+","37.2",",0,30,","1370.2","0","15.6",",0","0.0",",,,0","","","","","","","","","19.86",",0","27.18",",,,0","12.53",",,,0","0","4,W","330",",X","340",",X","10.7",",X","16.1",",X"
"USW00023293","2001-06","37.35938","-121.92444","15.0","SAN JOSE, CA US","","","","","","","","","3.5",",X","128.4","0","62.2",",0","1",",0","1",",0","0",",0","","","","","0",",0","0",",0","0",",0","30",",0","6",",0","1","","","","20010603",",,0","","","","","","","20010625",",,0","20010620",",,0","10.0",",0,03,","","","","","3.3",",,0,25,","35.0",",0,20,","1378.0","0","7.8",",0","3.3",",,,0","","","","","","","","","20.15",",0","27.10",",,,0","13.20",",,,0","","","340","1,X","210","1,X","10.7","1,X","13.0","1,X"
"USW00023293","2001-07","37.35938","-121.92444","15.0","SAN JOSE, CA US","","","","","","","","","3.5",",X","181.2","0","52.8",",0","0",",0","0",",0","0",",0","","","","","0",",0","0",",0","0",",0","30",",0","2",",0","4","","","","20010722","+,,0","","","","","","","20010731","+,,0","20010703",",,0","11.7",",0,22,+","","","","","0.0",",,0,31,+","36.7",",0,03,","4.7","0","4.7",",0","0.0",",,,0","","","","","","","","","19.88",",0","25.86",",,,0","13.90",",,,0","","","330",",X","340",",X","10.3",",X","11.6",",X"
"USW00023293","2001-08","37.35938","-121.92444","15.0","SAN JOSE, CA US","","","","","","","","","3.5",",X","236.1","0","54.9",",0","0",",0","0",",0","0",",0","","","","","0",",0","0",",0","0",",0","31",",0","1",",0","4","","","","20010820",",,0","","","","","","","20010822",",,0","20010807",",,0","11.7",",0,20,","","","","","0.0",",T,0,22,","32.2",",0,07,","7.7","0","3.0",",0","0.0",",T,,0","","","","","","","","","20.00",",0","26.06",",,,0","13.95",",,,0","","","340",",X","210",",X","9.8",",X","11.2",",X"
"USW00023293","2001-09","37.35938","-121.92444","15.0","SAN JOSE, CA US","","","","","","","","","2.8",",X","272.0","0","35.9",",0","1",",0","1",",0","0",",0","","","","","0",",0","0",",0","0",",0","29",",0","1",",0","9","","","","20010929","+,,0","","","","","1","","20010924",",,0","20010930",",,0","10.6",",0,29,+","","","","","4.6",",,0,24,","35.0",",0,30,","12.2","0","4.5",",0","4.6",",,,0","","","","","","","","","19.38",",0","25.54",",,,0","13.22",",,,0","","","330",",X","330",",X","9.8",",X","10.7",",X"
"USW00023293","2001-10","37.35938","-121.92444","15.0","SAN JOSE, CA US","","","","","","","","","2.5",",X","296.6","0","24.6",",0","1",",0","1",",0","0",",0","","","","","0",",0","0",",0","0",",0","27",",0","0",",0","9","","","","20011024",",,0","","","","","","","20011030",",,0","20011014","+,,0","8.3",",0,24,","","","","","2.5",",,0,30,","31.1",",0,14,+","40.5","0","28.3",",0","2.5",",,,0","","","","","","","","","18.22",",0","24.24",",,,0","12.20",",,,0","","","20",",X","30",",X","10.7",",X","13.9",",X"
"USW00023293","2001-11","37.35938","-121.92444","15.0","SAN JOSE, CA US","","","","","","","","","2.6",",X","296.6","0","0.0",",0","10",",0","3",",0","0",",0","","","","","0",",0","0",",0","0",",0","8",",0","0",",0","10","","3","","20011127",",,0","","","","","","","20011112",",,0","20011108",",,0","2.8",",0,27,","","","","","21.6",",,0,12,","24.4",",0,08,","175.2","0","134.7",",0","56.3",",,,0","","","","","","","","","13.85",",0","18.81",",,,0","8.88",",,,0","","","130",",X","130",",X","16.1",",X","18.3",",X"
"USW00023293","2001-12","37.35938","-121.92444","15.0","SAN JOSE, CA US","","","","","","","","","3.3",",X","296.6","0","0.0",",0","16",",0","8",",0","0",",0","","","","","0",",0","0",",0","0",",0","0",",0","0",",0","20","","","","20011224","+,,0","","","","","","","20011202",",,0","20011207",",,0","2.2",",0,24,+","","","","","15.2",",,0,02,","18.9",",0,07,","416.2","0","241.0",",0","75.2",",,,0","","","","","","","","","10.56",",0","14.33",",,,0","6.79",",,,0","","","120",",X","120",",Z","15.6",",X","18.3",",W"
"USW00023293","2002-01","37.35938","-121.92444","15.0","SAN JOSE, CA US","","","","","","","","","2.2",",X","0.0","0","0.0",",0","4",",0","2",",0","0",",0","","","","","0",",0","5",",0","0",",0","0",",0","0",",0","16","","3","","20020130",",,0","","","","","","","20020102",",,0","20020111","+,,0","-1.1",",0,30,","","","","","8.4",",,0,02,","17.2",",0,11,+","719.1","0","302.9",",0","17.6",",,,0","","","","","","","","","8.56",",0","13.42",",,,0","3.70",",,,0","0","3,W","140",",X","140",",X","10.3",",X","13.0",",X"
"USW00023293","2002-02","37.35938","-121.92444","15.0","SAN JOSE, CA US","","","","","","","","","2.4",",X","0.0","0","0.0",",0","6",",0","4",",0","0",",0","","","","","0",",0","0",",0","0",",0","6",",0","0",",0","12","","","","20020202",",,0","","","","","","","20020217",",,0","20020222",",,0","0.6",",0,02,","","","","","8.9",",,0,17,","26.1",",0,22,","900.8","0","181.7",",0","19.7",",,,0","","","","","","","","","11.84",",0","17.47",",,,0","6.21",",,,0","0",",W","180",",X","180",",X","10.7",",X","13.4",",X"
"USW00023293","2002-03","37.35938","-121.92444","15.0","SAN JOSE, CA US","","","","","","","","","3.3",",X","0.0","0","0.0",",0","7",",0","6",",0","0",",0","","","","","0",",0","0",",0","0",",0","8",",0","0",",0","8","","","","20020308",",,0","","","","","1","","20020317",",,0","20020331",",,0","2.2",",0,08,","","","","","14.0",",,0,17,","25.0",",0,31,","1091.0","0","190.2",",0","39.4",",,,0","","","","","","","","","12.20",",0","17.99",",,,0","6.41",",,,0","0",",W","320",",X","310",",X","13.9",",X","16.1",",X"
"USW00023293","2002-04","37.35938","-121.92444","15.0","SAN JOSE, CA US","","","","","","","","","3.6",",X","2.5","0","2.5",",0","3",",0","2",",0","0",",0","","","","","0",",0","0",",0","0",",0","12",",0","0",",0","5","","","","20020430",",,0","","","","","","","20020430",",,0","20020423","+,,0","5.0",",0,30,","","","","","6.4",",,0,30,","27.8",",0,23,+","1202.3","0","111.3",",0","10.5",",,,0","","","","","","","","","14.71",",0","19.99",",,,0","9.42",",,,0","","","310",",X","320",",X","12.5",",X","16.1",",X"
"USW00023293","2002-05","37.35938","-121.92444","15.0","SAN JOSE, CA US","","","","","","","","","3.6",",X","15.3","0","12.8",",0","3",",0","1",",0","0",",0","","","","","0",",0","0",",0","0",",0","18",",0","0",",0","3","","","","20020511","+,,0","","","","","","","20020520",",,0","20020524",",,0","7.2",",0,11,+","","","","","9.4",",,0,20,","29.4",",0,24,","1279.3","0","77.0",",0","11.2",",,,0","","","","","","","","","16.26",",0","22.27",",,,0","10.25",",,,0","0",",W","340",",X","330",",X","10.3",",X","11.6",",X"
"USW00023293","2002-06","37.35938","-121.92444","15.0","SAN JOSE, CA US","","","","","","","","","3.8",",X","57.3","0","42.0",",0","0",",0","0",",0","0",",0","","","","","0",",0","0",",0","0",",0","28",",0","1",",0","","","","","20020615","+,,0","","","","","","","20020630","+,,0","20020605",",,0","10.0",",0,15,+","","","","","0.0",",,0,30,+","35.0",",0,05,","1293.7","0","14.4",",0","0.0",",,,0","","","","","","","","","19.25",",0","25.72",",,,0","12.78",",,,0","0","2,","310",",X","310",",X","12.5",",X","13.9",",X"
"USW00023293","2002-07","37.35938","-121.92444","15.0","SAN JOSE, CA US","","","","","","","","","3.4",",X","137.1","0","79.8",",0","0",",0","0",",0","0",",0","","","","","0",",0","0",",0","0",",0","31",",0","3",",0","3","","","","20020717","+,,0","","","","","","","20020731","+,,0","20020709",",,0","12.2",",0,17,+","","","","","0.0",",,0,31,+","37.2",",0,09,","0.6","0","0.6",",0","0.0",",,,0","","","","","","","","","20.89",",0","27.40",",,,0","14.38",",,,0","","","330",",X","350",",X","9.4",",X","11.6",",X"
"USW00023293","2002-08","37.35938","-121.92444","15.0","SAN JOSE, CA US","","","","","","","","","3.2",",X","219.7","0","82.6",",0","0",",0","0",",0","0",",0","","","","","0",",0","0",",0","0",",0","29",",0","4",",0","8","","","","20020806",",,0","","","","","","","20020831","+,,0","20020809",",,0","11.7",",0,06,","","","","","0.0",",,0,31,+","37.2",",0,09,","5.7","0","5.1",",0","0.0",",,,0","","","","","","","","","20.83",",0","27.13",",,,0","14.54",",,,0","0",",W","330",",X","340",",X","11.2",",X","13.0",",X"
"USW00023293","2002-09","37.35938","-121.92444","15.0","SAN JOSE, CA US","","","","","","","","","2.9",",X","303.4","0","83.7",",0","0",",0","0",",0","0",",0","","","","","0",",0","0",",0","0",",0","30",",0","7",",0","4","","","","20020908",",,0","","","","","","","20020930","+,,0","20020919","+,,0","10.6",",0,08,","","","","","0.0",",,0,30,+","35.0",",0,19,+","8.5","0","2.8",",0","0.0",",,,0","","","","","","","","","21.03",",0","27.48",",,,0","14.57",",,,0","0",",W","320",",X","330",",X","10.7",",X","13.0",",X"
"USW00023293","2002-10","37.35938","-121.92444","15.0","SAN JOSE, CA US","","","","","","","","","2.4",",X","327.0","0","23.6",",0","0",",0","0",",0","0",",0","","","","","0",",0","0",",0","0",",0","20",",0","1",",0","4","","1","","20021031",",,0","","","","","","","20021025",",,0","20021007",",,0","5.0",",0,31,","","","","","0.0",",T,0,25,","32.2",",0,07,","61.0","0","52.5",",0","0.0",",T,,0","","","","","","","","","17.40",",0","23.22",",,,0","11.58",",,,0","0","2,W","340",",X","330",",X","10.7",",X","12.5",",X"
"USW00023293","2002-11","37.35938","-121.92444","15.0","SAN JOSE, CA US","","","","","","","","","2.0",",X","327.0","0","0.0",",0","3",",0","3",",0","0",",0","","","","","0",",0","0",",0","0",",0","11",",0","0",",0","7","","1","","20021128",",,0","","","","","1","","20021107",",,0","20021120",",,0","3.9",",0,28,","","","","","23.6",",,0,07,","23.9",",0,20,","189.3","0","128.3",",0","46.8",",,,0","","","","","","","","","14.06",",0","19.73",",,,0","8.38",",,,0","","","170",",X","170",",X","15.6",",X","20.6",",X"
"USW00023293","2002-12","37.35938","-121.92444","15.0","SAN JOSE, CA US","","","","","","","","","3.3",",X","327.0","0","0.0",",0","15",",0","10",",0","3",",0","","","","","0",",0","0",",0","0",",0","0",",0","0",",0","16","","","","20021225",",,0","","","","","2","","20021214",",,0","20021205",",,0","2.2",",0,25,","","","","","31.5",",,0,14,","18.9",",0,05,","408.2","0","218.9",",0","162.1",",,,0","","","","","","","","","11.27",",0","15.29",",,,0","7.25",",,,0","0",",W","140",",X","150",",X","17.4",",X","21.9",",X"
"USW00023293","2003-01","37.35938","-121.92444","15.0","SAN JOSE, CA US","","","","","","","","","1.8",",X","0.0","0","0.0",",0","5",",0","2",",0","0",",0","","","","","0",",0","0",",0","0",",0","0",",0","0",",0","18","","3","","20030116",",,0","","","","","","","20030109",",,0","20030106",",,0","3.9",",0,16,","","","","","8.9",",,0,09,","20.0",",0,06,","582.3","0","174.1",",0","15.4",",,,0","","","","","","","","","12.72",",0","17.10",",,,0","8.34",",,,0","0",",W","210",",X","190",",X","8.0",",X","10.3",",X"
"USW00023293","2003-02","37.35938","-121.92444","15.0","SAN JOSE, CA US","","","","","","","","","2.4",",X","0.0","0","0.0",",0","10",",0","6",",0","0",",0","","","","","0",",0","0",",0","0",",0","0",",0","0",",0","11","","1","","20030209",",,0","","","","","","","20030224",",,0","20030227","+,,0","0.6",",0,09,","","","","","10.2",",,0,24,","18.9",",0,27,+","783.6","0","201.3",",0","38.9",",,,0","","","","","","","","","11.14",",0","16.41",",,,0","5.88",",,,0","","","300",",X","300",",X","11.2",",X","13.9",",X"
"USW00023293","2003-03","37.35938","-121.92444","15.0","SAN JOSE, CA US","","","","","","","","","3.2",",X","0.3","0","0.3",",0","5",",0","2",",0","0",",0","","","","","0",",0","0",",0","0",",0","7",",0","0",",0","6","","","","20030307","+,,0","","","","","","","20030315","+,,0","20030330",",,0","4.4",",0,07,+","","","","","6.1",",,0,15,+","27.8",",0,30,","937.4","0","153.8",",0","17.3",",,,0","","","","","","","","","13.38",",0","18.78",",,,0","7.98",",,,0","0","1,W","110",",X","110",",X","16.5",",X","20.1",",X"
"USW00023293","2003-04","37.35938","-121.92444","15.0","SAN JOSE, CA US","","","","","","","","","3.4",",X","0.3","0","0.0",",0","16",",0","8",",0","0",",0","","","","","0",",0","0",",0","0",",0","3",",0","0",",0","8","","","","20030415","+,,0","","","","","","","20030413",",,0","20030408",",,0","5.0",",0,15,+","","","","","19.1",",,0,13,","23.3",",0,08,","1106.0","0","168.6",",0","70.6",",,,0","","","","","","","","","12.71",",0","17.39",",,,0","8.03",",,,0","","","140",",X","130",",X","13.0",",X","16.1",",X"
"USW00023293","2003-05","37.35938","-121.92444","15.0","SAN JOSE, CA US","","","","","","","","","3.3",",X","20.2","0","19.9",",0","4",",0","1",",0","0",",0","","","","","0",",0","0",",0","0",",0","17",",0","1",",0","2","","","","20030510",",,0","","","","","","","20030502",",,0","20030528",",,0","6.7",",0,10,","","","","","15.0",",,0,02,","33.3",",0,28,","1173.5","0","67.5",",0","17.1",",,,0","","","","","","","","","16.80",",0","22.58",",,,0","11.01",",,,0","","","140",",X","120",",X","11.6",",X","14.3",",X"
"USW00023293","2003-06","37.35938","-121.92444","15.0","SAN JOSE, CA US","","","","","","","","","3.6",",X","75.7","0","55.5",",0","0",",0","0",",0","0",",0","","","","","0",",0","0",",0","0",",0","28",",0","4",",0","","","","","20030623","+,,0","","","","","","","20030630","+,,0","20030626",",,0","10.6",",0,23,+","","","","","0.0",",,0,30,+","38.3",",0,26,","1188.4","0","14.9",",0","0.0",",,,0","","","","","","","","","19.69",",0","25.84",",,,0","13.54",",,,0","","","220",",X","220",",X","11.2",",X","13.9",",X"
"USW00023293","2003-07","37.35938","-121.92444","15.0","SAN JOSE, CA US","","","","","","","","","3.2",",X","171.9","0","96.2",",0","0",",0","0",",0","0",",0","","","","","0",",0","0",",0","0",",0","31",",0","4",",0","","","","","20030708","+,,0","","","","","","","20030731","+,,0","20030717",",,0","12.2",",0,08,+","","","","","0.0",",T,0,31,+","35.6",",0,17,","2.5","0","2.5",",0","0.0",",T,,0","","","","","","","","","21.36",",0","27.96",",,,0","14.75",",,,0","","","330",",X","330",",X","9.8",",X","11.2",",X"
"USW00023293","2003-08","37.35938","-121.92444","15.0","SAN JOSE, CA US","","","","","","","","","3.4",",X","253.9","0","82.0",",0","0",",0","0",",0","0",",0","","","","","0",",0","0",",0","0",",0","31",",0","2",",0","2","","","","20030831",",,0","","","","","","","20030826","+,,0","20030825","+,,0","12.2",",0,31,","","","","","0.0",",T,0,26,+","33.3",",0,25,+","2.5","0","0.0",",0","0.0",",T,,0","","","","","","","","","20.98",",0","26.77",",,,0","15.18",",,,0","0",",W","330",",X","10",",X","9.8",",X","13.0",",X"
"USW00023293","2003-09","37.35938","-121.92444","15.0","SAN JOSE, CA US","","","","","","","","","2.8",",X","340.2","0","86.3",",0","1",",0","0",",0","0",",0","","","","","0",",0","0",",0","0",",0","29",",0","7",",0","2","","","","20030907",",,0","","","","","","","20030909",",,0","20030913","+,,0","11.7",",0,07,","","","","","0.5",",,0,09,","36.7",",0,13,+","4.6","0","2.1",",0","0.5",",,,0","","","","","","","","","21.14",",0","27.39",",,,0","14.88",",,,0","0",",W","340",",X","10",",X","10.3",",X","11.6",",X"
"USW00023293","2003-10","37.35938","-121.92444","15.0","SAN JOSE, CA US","","","","","","","","","2.4",",X","371.3","0","31.1",",0","1",",0","0",",0","0",",0","","","","","0",",0","0",",0","0",",0","28",",0","3",",0","1","","","","20031031",",,0","","","","","","","20031031",",,0","20031028","+,,0","7.8",",0,31,","","","","","0.3",",,0,31,","32.8",",0,28,+","26.5","0","21.9",",0","0.3",",,,0","","","","","","","","","18.63",",0","25.28",",,,0","11.98",",,,0","0","1,W","280",",X","280",",X","10.3",",X","13.9",",X"
"USW00023293","2003-11","37.35938","-121.92444","15.0","SAN JOSE, CA US","","","","","","","","","2.3",",X","371.3","0","0.0",",0","11",",0","4",",0","0",",0","","","","","0",",0","0",",0","0",",0","1",",0","0",",0","14","","1","","20031123",",,0","","","","","","","20031108",",,0","20031112",",,0","0.6",",0,23,","","","","","21.3",",,0,08,","21.7",",0,12,","215.9","0","189.4",",0","46.5",",,,0","","","","","","","","","12.02",",0","16.87",",,,0","7.16",",,,0","0",",W","300",",X","310",",X","10.3",",X","12.5",",X"
"USW00023293","2003-12","37.35938","-121.92444","15.0","SAN JOSE, CA US","","","","","","","","","2.9",",X","371.3","0","0.0",",0","16",",0","10",",0","0",",0","","","","","0",",0","0",",0","0",",0","0",",0","0",",0","15","","2","","20031228","+,,0","","","","","","","20031229",",,0","20031205","+,,0","1.1",",0,28,+","","","","","19.8",",,0,29,","19.4",",0,05,+","445.5","0","229.6",",0","93.9",",,,0","","","","","","","","","10.93",",0","14.95",",,,0","6.90",",,,0","0","1,W","130",",X","130",",X","14.8",",X","17.9",",X"
"USW00023293","2004-01","37.35938","-121.92444","15.0","SAN JOSE, CA US","","","","","","","","","2.3",",X","0.0","0","0.0",",0","9",",0","2",",0","0",",0","","","","","0",",0","1",",0","0",",0","1",",0","0",",0","16","","2","","20040104",",,0","","","","","","","20040101",",,0","20040108",",,0","0.0",",0,04,","","","","","24.4",",,0,01,","21.1",",0,08,","705.7","0","260.2",",0","38.4",",,,0","","","","","","","","","9.94",",0","13.79",",,,0","6.09",",,,0","0","2,W","220",",X","220",",X","12.5",",X","14.3",",X"
"USW00023293","2004-02","37.35938","-121.92444","15.0","SAN JOSE, CA US","","","","","","","","","3.1",",X","0.0","0","0.0",",0","13",",0","7",",0","0",",0","","","","","0",",0","0",",0","0",",0","0",",0","0",",0","7","","","","20040208",",,0","","","","","","","20040225",",,0","20040212",",,0","1.7",",0,08,","","","","","23.6",",,0,25,","20.6",",0,12,","918.3","0","212.6",",0","74.3",",,,0","","","","","","","","","11.00",",0","15.62",",,,0","6.38",",,,0","0",",W","130",",X","120",",X","17.0",",X","21.5",",X"
"USW00023293","2004-03","37.35938","-121.92444","15.0","SAN JOSE, CA US","","","","","","","","","2.6",",W","6.7","0","6.7",",0","2",",0","1",",0","0",",0","","","","","0",",0","0",",0","0",",0","16",",0","0",",0","2","","","","20040304",",,0","","","","","","","20040325",",,0","20040316",",,0","5.0",",0,04,","","","","","6.9",",,0,25,","28.3",",0,16,","1009.4","0","91.1",",0","8.9",",,,0","","","","","","","","","15.61",",0","21.95",",,,0","9.26",",,,0","","","140",",W","340",",W","11.6",",W","13.9",",W"
"USW00023293","2004-04","37.35938","-121.92444","15.0","SAN JOSE, CA US","","","","","","","","","3.3",",X","26.6","0","19.9",",0","2",",0","2",",0","0",",0","","","","","0",",0","0",",0","0",",0","16",",0","3",",0","4","","","","20040418","+,,0","","","","","","","20040418",",,0","20040426",",,0","6.1",",0,18,+","","","","","4.1",",,0,18,","33.3",",0,26,","1091.2","0","81.8",",0","6.9",",,,0","","","","","","","","","16.27",",0","22.51",",,,0","10.03",",,,0","0","5,W","310",",X","310",",X","12.5",",X","14.8",",X"
"USW00023293","2004-05","37.35938","-121.92444","15.0","SAN JOSE, CA US","","","","","","","","","3.6",",X","39.7","0","13.1",",0","1",",0","0",",0","0",",0","","","","","0",",0","0",",0","0",",0","23",",0","0",",0","1","","","","20040529","+,,0","","","","","","","20040528",",,0","20040502",",,0","9.4",",0,29,+","","","","","1.8",",,0,28,","31.1",",0,02,","1138.8","0","47.6",",0","1.8",",,,0","","","","","","","","","17.22",",0","23.08",",,,0","11.35",",,,0","","","340",",X","340",",X","11.6",",X","13.9",",X"
"USW00023293","2004-06","37.35938","-121.92444","15.0","SAN JOSE, CA US","","","","","","","","","4.1",",X","73.5","0","33.8",",0","0",",0","0",",0","0",",0","","","","","0",",0","0",",0","0",",0","30",",0","1",",0","","","","","20040608",",,0","","","","","","","20040630","+,,0","20040615",",,0","10.6",",0,08,","","","","","0.0",",,0,30,+","35.6",",0,15,","1149.1","0","10.3",",0","0.0",",,,0","","","","","","","","","19.12",",0","24.98",",,,0","13.25",",,,0","","","330",",X","340",",X","13.4",",X","16.1",",X"
"USW00023293","2004-07","37.35938","-121.92444","15.0","SAN JOSE, CA US","","","","","","","","","3.8",",X","148.7","0","75.2",",0","0",",0","0",",0","0",",0","","","","","0",",0","0",",0","0",",0","31",",0","0",",0","1","","","","20040715",",,0","","","","","","","20040731","+,,0","20040721",",,0","12.8",",0,15,","","","","","0.0",",,0,31,+","31.1",",0,21,","0.0","0","0.0",",0","0.0",",,,0","","","","","","","","","20.76",",0","26.68",",,,0","14.83",",,,0","","","210",",X","200",",X","11.6",",X","13.9",",X"
"USW00023293","2004-08","37.35938","-121.92444","15.0","SAN JOSE, CA US","","","","","","","","","3.3",",X","242.2","0","93.5",",0","0",",0","0",",0","0",",0","","","","","0",",0","0",",0","0",",0","31",",0","2",",0","1","","","","20040806","+,,0","","","","","","","20040831","+,,0","20040828",",,0","12.8",",0,06,+","","","","","0.0",",,0,31,+","36.1",",0,28,","0.0","0","0.0",",0","0.0",",,,0","","","","","","","","","21.35",",0","27.21",",,,0","15.49",",,,0","","","340",",X","360",",X","10.7",",X","12.5",",X"
"USW00023293","2004-09","37.35938","-121.92444","15.0","SAN JOSE, CA US","","","","","","","","","3.0",",X","336.8","0","94.6",",0","1",",0","0",",0","0",",0","","","","","0",",0","0",",0","0",",0","28",",0","6",",0","","","","","20040920",",,0","","","","","","","20040919",",,0","20040908","+,,0","8.9",",0,20,","","","","","1.5",",,0,19,","36.1",",0,08,+","11.9","0","11.9",",0","1.5",",,,0","","","","","","","","","21.09",",0","28.21",",,,0","13.97",",,,0","0",",W","340",",X","350",",X","10.3",",X","11.6",",X"
"USW00023293","2004-10","37.35938","-121.92444","15.0","SAN JOSE, CA US","","","","","","","","","2.8",",X","355.9","0","19.1",",0","6",",0","4",",0","0",",0","","","","","0",",0","0",",0","0",",0","12",",0","1",",0","10","","","","20041028",",,0","","","","","","","20041019",",,0","20041013",",,0","6.1",",0,28,","","","","","20.8",",,0,19,","32.2",",0,13,","82.8","0","70.9",",0","48.0",",,,0","","","","","","","","","16.66",",0","21.99",",,,0","11.34",",,,0","","","140",",X","150",",X","16.1",",X","19.7",",X"
"USW00023293","2004-11","37.35938","-121.92444","15.0","SAN JOSE, CA US","","","","","","","","","2.5",",X","355.9","0","0.0",",0","6",",0","2",",0","0",",0","","","","","0",",0","0",",0","0",",0","2",",0","0",",0","9","","1","","20041130",",,0","","","","","","","20041110",",,0","20041102","+,,0","0.6",",0,30,","","","","","4.3",",,0,10,","21.7",",0,02,+","261.6","0","178.8",",0","11.3",",,,0","","","","","","","","","12.37",",0","17.34",",,,0","7.41",",,,0","","","20",",X","20",",X","12.5",",X","14.8",",X"
"USW00023293","2004-12","37.35938","-121.92444","15.0","SAN JOSE, CA US","","","","","","","","","2.8",",X","355.9","0","0.0",",0","9",",0","6",",0","1",",0","","","","","0",",0","2",",0","0",",0","0",",0","0",",0","16","","4","","20041204","+,,0","","","","","","","20041227",",,0","20041221",",,0","0.0",",0,04,+","","","","","28.4",",,0,27,","19.4",",0,21,","502.2","0","240.6",",0","79.0",",,,0","","","","","","","","","10.57",",0","15.58",",,,0","5.57",",,,0","","","130",",X","130",",X","13.9",",X","17.4",",X"
"USW00023293","2005-01","37.35938","-121.92444","15.0","SAN JOSE, CA US","","","","","","","","","2.1",",X","0.0","0","0.0",",0","12",",0","8",",0","0",",0","","","","","0",",0","0",",0","0",",0","0",",0","0",",0","21","","5","","20050114",",,0","","","","","1","","20050107",",,0","20050131","+,,0","0.6",",0,14,","","","","","14.2",",,0,07,","17.2",",0,31,+","778.4","0","276.2",",0","65.3",",,,0","","","","","","","","","9.42",",0","13.79",",,,0","5.06",",,,0","0","1,W","150",",X","140",",X","13.9",",X","17.0",",X"
"USW00023293","2005-02","37.35938","-121.92444","15.0","SAN JOSE, CA US","","","","","","","","","2.3",",X","0.0","0","0.0",",0","13",",0","8",",0","1",",0","","","","","0",",0","0",",0","0",",0","1",",0","0",",0","11","","","","20050202",",,0","","","","","","","20050215",",,0","20050201",",,0","3.3",",0,02,","","","","","32.0",",,0,15,","21.1",",0,01,","944.9","0","166.5",",0","92.4",",,,0","","","","","","","","","12.39",",0","16.75",",,,0","8.03",",,,0","","","140",",X","160",",X","11.6",",X","14.8",",X"
"USW00023293","2005-03","37.35938","-121.92444","15.0","SAN JOSE, CA US","","","","","","","","","3.0",",X","2.3","0","2.3",",0","13",",0","10",",0","0",",0","","","","","0",",0","0",",0","0",",0","11",",0","0",",0","13","","","","20050325",",,0","","","","","","","20050322",",,0","20050311",",,0","5.0",",0,25,","","","","","15.2",",,0,22,","30.0",",0,11,","1068.9","0","124.0",",0","62.5",",,,0","","","","","","","","","14.41",",0","19.72",",,,0","9.10",",,,0","","","140",",X","140",",X","13.0",",X","16.5",",X"
"USW00023293","2005-04","37.35938","-121.92444","15.0","SAN JOSE, CA US","","","","","","","","","3.5",",X","2.3","0","0.0",",0","8",",0","5",",0","0",",0","","","","","0",",0","0",",0","0",",0","10",",0","0",",0","5","","","","20050415","+,,0","","","","","","","20050428",",,0","20050422",",,0","5.6",",0,15,+","","","","","17.0",",,0,28,","26.1",",0,22,","1200.2","0","131.3",",0","43.0",",,,0","","","","","","","","","13.96",",0","19.54",",,,0","8.37",",,,0","","","210",",X","220",",X","13.9",",X","17.9",",X"
"USW00023293","2005-05","37.35938","-121.92444","15.0","SAN JOSE, CA US","","","","","","","","","3.5",",X","13.5","0","11.2",",0","7",",0","4",",0","0",",0","","","","","0",",0","0",",0","0",",0","24",",0","0",",0","4","","","","20050510",",,0","","","","","1","","20050504",",,0","20050525","+,,0","7.2",",0,10,","","","","","9.7",",,0,04,","28.9",",0,25,+","1245.2","0","45.0",",0","26.0",",,,0","","","","","","","","","17.24",",0","22.63",",,,0","11.86",",,,0","","","200",",X","200",",X","11.6",",X","13.4",",X"
"USW00023293","2005-06","37.35938","-121.92444","15.0","SAN JOSE, CA US","","","","","","","","","3.8",",X","37.1","0","23.6",",0","2",",0","1",",0","0",",0","","","","","0",",0","0",",0","0",",0","26",",0","0",",0","","","","","20050607",",,0","","","","","","","20050609",",,0","20050613",",,0","9.4",",0,07,","","","","","3.3",",,0,09,","31.7",",0,13,","1259.4","0","14.2",",0","3.8",",,,0","","","","","","","","","18.64",",0","24.33",",,,0","12.96",",,,0","","","320",",X","320",",X","11.6",",X","13.9",",X"
"USW00023293","2005-07","37.35938","-121.92444","15.0","SAN JOSE, CA US","","","","","","","","","3.2",",X","136.4","0","99.3",",0","0",",0","0",",0","0",",0","","","","","0",",0","0",",0","0",",0","31",",0","1",",0","","","","","20050704",",,0","","","","","","","20050721",",,0","20050723",",,0","12.2",",0,04,","","","","","0.0",",T,0,21,","35.6",",0,23,","0.0","0","0.0",",0","0.0",",T,,0","","","","","","","","","21.54",",0","28.02",",,,0","15.05",",,,0","","","350",",X","340",",X","9.8",",X","11.2",",X"
"USW00023293","2005-08","37.35938","-121.92444","15.0","SAN JOSE, CA US","","","","","","","","","3.0",",X","216.8","0","80.4",",0","0",",0","0",",0","0",",0","","","","","0",",0","0",",0","0",",0","31",",0","2",",0","2","","","","20050822",",,0","","","","","","","20050831","+,,0","20050831",",,0","12.2",",0,22,","","","","","0.0",",,0,31,+","35.0",",0,31,","0.6","0","0.6",",0","0.0",",,,0","","","","","","","","","20.91",",0","27.41",",,,0","14.40",",,,0","","","340",",X","330",",X","8.0",",X","10.3",",X"
"USW00023293","2005-09","37.35938","-121.92444","15.0","SAN JOSE, CA US","","","","","","","","","2.9",",X","242.4","0","25.6",",0","1",",0","0",",0","0",",0","","","","","0",",0","0",",0","0",",0","28",",0","1",",0","6","","","","20050925",",,0","","","","","1","","20050920",",,0","20050929",",,0","9.4",",0,25,","","","","","0.5",",,0,20,","32.2",",0,29,","15.1","0","14.5",",0","0.5",",,,0","","","","","","","","","18.70",",0","24.74",",,,0","12.66",",,,0","","","340",",X","350",",X","10.3",",X","11.6",",X"
"USW00023293","2005-10","37.35938","-121.92444","15.0","SAN JOSE, CA US","","","","","","","","","2.8",",X","254.3","0","11.9",",0","2",",0","0",",0","0",",0","","","","","0",",0","0",",0","0",",0","22",",0","0",",0","7","","","","20051031","+,,0","","","","","","","20051015",",,0","20051017",",,0","7.2",",0,31,+","","","","","2.3",",,0,15,","30.0",",0,17,","58.9","0","43.8",",0","2.6",",,,0","","","","","","","","","17.30",",0","23.38",",,,0","11.22",",,,0","","","340",",X","200",",X","11.6",",X","13.9",",X"
"USW00023293","2005-11","37.35938","-121.92444","15.0","SAN JOSE, CA US","","","","","","","","","2.3",",X","254.6","0","0.3",",0","7",",0","1",",0","0",",0","","","","","0",",0","0",",0","0",",0","13",",0","0",",0","5","","","","20051127",",,0","","","","","","","20051128",",,0","20051118","+,,0","1.7",",0,27,","","","","","4.3",",,0,28,","25.6",",0,18,+","184.2","0","125.3",",0","9.2",",,,0","","","","","","","","","14.17",",0","20.20",",,,0","8.14",",,,0","","","40",",X","50",",X","13.4",",X","17.9",",X"
"USW00023293","2005-12","37.35938","-121.92444","15.0","SAN JOSE, CA US","","","","","","","","","2.8",",X","254.6","0","0.0",",0","14",",0","6",",0","1",",0","","","","","0",",0","0",",0","0",",0","1",",0","0",",0","13","","1","","20051206",",,0","","","","","1","","20051218",",,0","20051220",",,0","0.6",",0,06,","","","","","25.9",",,0,18,","21.1",",0,20,","381.9","0","197.7",",0","77.1",",,,0","","","","","","","","","11.95",",0","16.45",",,,0","7.46",",,,0","","","150",",X","180",",X","13.4",",X","18.3",",X"
"USW00023293","2006-01","37.35938","-121.92444","15.0","SAN JOSE, CA US","5.85",",,,W","1021.7",",,,W","1019.9",",,,W","8.38",",,,W","2.6",",W","0.0","0","0.0",",0","11",",0","4",",0","1",",0","","","","","0",",0","0",",0","0",",0","0",",0","0",",0","15","","1","","20060120",",,0","","","","","","","20060102",",,0","20060113","+,,0","1.7",",0,20,","","","","","33.0",",,0,02,","20.6",",0,13,+","616.1","0","234.2",",0","59.9",",,,0","74",",,,W","53",",,,W","92",",,,W","","","10.78",",0","15.77",",,,0","5.78",",,,0","","","150",",X","160",",X","19.2",",X","22.8",",X"
"USW00023293","2006-02","37.35938","-121.92444","15.0","SAN JOSE, CA US","4.93",",,,W","1019.3",",,,W","1017.5",",,,W","8.31",",,,W","2.7",",W","0.0","0","0.0",",0","5",",0","3",",0","0",",0","","","","","0",",0","1",",0","0",",0","6",",0","0",",0","9","","2","","20060216",",,0","","","","","","","20060227",",,0","20060209",",,0","0.0",",0,16,","","","","","24.9",",,0,27,","24.4",",0,09,","799.2","0","183.1",",0","39.8",",,,0","67",",,,W","42",",,,W","87",",,,W","","","11.79",",0","17.75",",,,0","5.83",",,,0","","","190",",X","190",",X","17.9",",X","21.9",",X"
"USW00023293","2006-03","37.35938","-121.92444","15.0","SAN JOSE, CA US","5.03",",,,W","1016.0",",,,W","1014.2",",,,W","7.83",",,,W","3.8",",W","0.0","0","0.0",",0","22",",0","14",",0","0",",0","","","","","0",",0","0",",0","0",",0","1",",0","0",",0","14","","","","20060313","+,,0","","","","","","","20060320",",,0","20060323",",,0","2.2",",0,13,+","","","","","18.8",",,0,20,","21.7",",0,23,","1038.8","0","239.6",",0","116.0",",,,0","71",",,,W","51",",,,W","89",",,,W","","","10.60",",0","14.95",",,,0","6.26",",,,0","","","330",",X","200",",X","11.6",",X","13.9",",X"
"USW00023293","2006-04","37.35938","-121.92444","15.0","SAN JOSE, CA US","8.25",",,,W","1015.0",",,,W","1013.2",",,,W","10.69",",,,W","3.4",",W","1.4","0","1.4",",0","12",",0","8",",0","0",",0","","","","","0",",0","0",",0","0",",0","7",",0","0",",0","9","","","","20060406","+,,0","","","","","","","20060404",",,0","20060430",",,0","4.4",",0,06,+","","","","","15.2",",,0,04,","27.2",",0,30,","1176.8","0","138.0",",0","54.4",",,,0","72",",,,W","53",",,,W","88",",,,W","","","13.78",",0","18.43",",,,0","9.13",",,,0","","","160",",X","170",",X","13.4",",X","16.1",",X"
"USW00023293","2006-05","37.35938","-121.92444","15.0","SAN JOSE, CA US","9.46",",,,W","1015.0",",,,W","1013.2",",,,W","12.86",",,,W","3.6",",W","20.2","0","18.8",",0","2",",0","1",",0","0",",0","","","","","0",",0","0",",0","0",",0","25",",0","0",",0","5","","","","20060528",",,0","","","","","","","20060521",",,0","20060514",",,0","8.3",",0,28,","","","","","10.7",",,0,21,","31.7",",0,14,","1214.1","0","37.3",",0","11.5",",,,0","63",",,,W","41",",,,W","83",",,,W","","","17.74",",0","23.88",",,,0","11.59",",,,0","","","340",",X","340",",X","11.2",",X","13.4",",X"
"USW00023293","2006-06","37.35938","-121.92444","15.0","SAN JOSE, CA US","11.99",",,,W","1014.8",",,,W","1012.8",",,,W","15.19",",,,W","3.5",",W","90.4","0","70.2",",0","0",",0","0",",0","0",",0","","","","","0",",0","0",",0","0",",0","30",",0","3",",0","3","","","","20060619","+,,0","","","","","","","20060614",",,0","20060622",",,0","11.7",",0,19,+","","","","","0.0",",T,0,14,","36.7",",0,22,","1219.6","0","5.5",",0","0.0",",T,,0","63",",,,W","43",",,,W","82",",,,W","","","20.49",",0","26.67",",,,0","14.31",",,,0","","","330",",X","330",",X","10.7",",X","12.5",",X"
"USW00023293","2006-07","37.35938","-121.92444","15.0","SAN JOSE, CA US","13.47",",,,W","1013.2",",,,W","1011.3",",,,W","16.83",",,,W","3.2",",W","232.3","0","141.9",",0","0",",0","0",",0","0",",0","","","","","0",",0","0",",0","0",",0","31",",0","12",",0","2","","","","20060707",",,0","","","","","","","20060730",",,0","20060723",",,0","11.7",",0,07,","","","","","0.0",",T,0,30,","40.0",",0,23,","2.8","0","2.8",",0","0.0",",T,,0","61",",,,W","40",",,,W","84",",,,W","","","22.82",",0","29.62",",,,0","16.02",",,,0","","","330",",X","330",",X","9.4",",X","10.7",",X"
"USW00023293","2006-08","37.35938","-121.92444","15.0","SAN JOSE, CA US","12.15",",,,W","1013.4",",,,W","1011.5",",,,W","15.11",",,,W","3.3",",W","293.8","0","61.5",",0","0",",0","0",",0","0",",0","","","","","0",",0","0",",0","0",",0","31",",0","2",",0","5","","","","20060817",",,0","","","","","","","20060831","+,,0","20060809",",,0","12.2",",0,17,","","","","","0.0",",,0,31,+","35.6",",0,09,","3.1","0","0.3",",0","0.0",",,,0","66",",,,W","42",",,,W","84",",,,W","","","20.31",",0","26.61",",,,0","14.00",",,,0","","","230",",X","230",",X","9.8",",X","11.6",",X"
"USW00023293","2006-09","37.35938","-121.92444","15.0","SAN JOSE, CA US","10.54",",,,W","1013.5",",,,W","1011.7",",,,W","14.04",",,,W","2.8",",W","337.6","0","43.8",",0","0",",0","0",",0","0",",0","","","","","0",",0","0",",0","0",",0","28",",0","1",",0","6","","","","20060916","+,,0","","","","","","","20060930","+,,0","20060912",",,0","10.0",",0,16,+","","","","","0.0",",,0,30,+","34.4",",0,12,","11.0","0","7.9",",0","0.0",",,,0","63",",,,W","38",",,,W","84",",,,W","","","19.53",",0","25.92",",,,0","13.14",",,,0","","","320",",X","310",",X","11.2",",X","13.0",",X"
"USW00023293","2006-10","37.35938","-121.92444","15.0","SAN JOSE, CA US","7.31",",,,W","1015.2",",,,W","1013.3",",,,W","11.66",",,,W","2.3",",W","344.8","0","7.2",",0","2",",0","2",",0","0",",0","","","","","0",",0","0",",0","0",",0","21",",0","0",",0","4","","","","20061031","+,,0","","","","","","","20061004",",,0","20061021","+,,0","8.3",",0,31,+","","","","","5.1",",,0,04,","29.4",",0,21,+","59.5","0","48.5",",0","7.9",",,,0","59",",,,W","36",",,,W","79",",,,W","","","17.00",",0","23.08",",,,0","10.91",",,,0","","","360",",X","360",",X","9.8",",X","11.6",",X"
"USW00023293","2006-11","37.35938","-121.92444","15.0","SAN JOSE, CA US","7.80",",,,W","1020.0",",,,W","1018.1",",,,W","10.54",",,,W","2.5",",W","344.8","0","0.0",",0","9",",0","3",",0","0",",0","","","","","0",",0","0",",0","0",",0","8",",0","0",",0","14","","2","","20061130",",,0","","","","","","","20061113",",,0","20061106",",,0","1.1",",0,30,","","","","","11.2",",,0,13,","24.4",",0,06,","209.0","0","149.5",",0","26.4",",,,0","72",",,,W","48",",,,W","90",",,,W","","","13.35",",0","18.39",",,,0","8.31",",,,0","","","320",",X","310",",X","10.3",",X","13.0",",X"
"USW00023293","2006-12","37.35938","-121.92444","15.0","SAN JOSE, CA US","3.21",",,,W","1022.5",",,,W","1020.7",",,,W","6.95",",,,W","2.7",",W","344.8","0","0.0",",0","9",",0","5",",0","0",",0","","","","","0",",0","2",",0","0",",0","1",",0","0",",0","13","","1","","20061219",",,0","","","","","","","20061209",",,0","20061208",",,0","-0.6",",0,19,","","","","","13.7",",,0,09,","21.1",",0,08,","459.6","0","250.6",",0","39.2",",,,0","65",",,,W","41",",,,W","85",",,,W","","","10.25",",0","15.71",",,,0","4.79",",,,0","","","310",",X","310",",X","17.0",",X","21.5",",X"
"USW00023293","2007-01","37.35938","-121.92444","15.0","SAN JOSE, CA US","0.62",",,,W","1022.5",",,,W","1020.6",",,,W","5.24",",,,W","2.5",",W","0.0","X","0.0",",0","6",",0","3",",0","0",",0","","","","","0",",0","6",",0","0",",0","0",",0","0",",0","10","","","","20070116","+,,0","","","","","","","20070127",",,0","20070108",",,0","-2.8",",0,16,+","","","","","11.9",",,0,27,","20.6",",0,08,","753.5","X","293.9",",0","21.3",",,,0","61",",,,W","37",",,,W","83",",,,W","","","8.85",",0","15.03",",,,0","2.67",",,,0","","","320",",X","350",",X","11.6",",X","13.9",",X"
"USW00023293","2007-02","37.35938","-121.92444","15.0","SAN JOSE, CA US","6.15",",,,W","1019.8","1,,,W","1017.9","1,,,W","8.79",",,,W","3.1",",W","0.0","X","0.0",",0","11",",0","8",",0","0",",0","","","","","0",",0","0",",0","0",",0","3",",0","0",",0","15","","1","","20070203",",,0","","","","","","","20070222",",,0","20070217",",,0","2.2",",0,03,","","","","","19.3",",,0,22,","23.9",",0,17,","944.9","X","191.4",",0","77.4",",,,0","72",",,,W","52",",,,W","89",",,,W","","","11.50",",0","16.01",",,,0","6.99",",,,0","","","300",",X","300",",X","11.2",",X","13.9",",X"
"USW00023293","2007-03","37.35938","-121.92444","15.0","SAN JOSE, CA US","6.73",",,,W","1019.6",",,,W","1017.7",",,,W","10.31",",,,W","2.5",",W","1.1","X","1.1",",0","3",",0","2",",0","0",",0","","","","","0",",0","0",",0","0",",0","17",",0","0",",0","4","","","","20070301",",,0","","","","","","","20070326",",,0","20070316",",,0","1.7",",0,01,","","","","","6.6",",,0,26,","27.8",",0,16,","1059.8","X","114.9",",0","11.7",",,,0","64",",,,W","40",",,,W","84",",,,W","","","14.66",",0","21.19",",,,0","8.13",",,,0","","","320",",Z","290",",Z","13.0",",Z","16.5",",Z"
"USW00023293","2007-04","37.35938","-121.92444","15.0","SAN JOSE, CA US","6.13",",,,W","1017.6",",,,W","1015.7",",,,W","10.13",",,,W","3.4",",W","5.8","X","4.7",",0","5",",0","4",",0","0",",0","","","","","0",",0","0",",0","0",",0","16",",0","0",",0","4","","","","20070413",",,0","","","","","","","20070414",",,0","20070427",",,0","4.4",",0,13,","","","","","7.4",",,0,14,","31.1",",0,27,","1170.3","X","110.5",",0","18.8",",,,0","61",",,,W","36",",,,W","83",",,,W","","","14.81",",0","20.89",",,,0","8.73",",,,0","","","290",",X","290",",X","11.2",",X","16.1",",X"
"USW00023293","2007-05","37.35938","-121.92444","15.0","SAN JOSE, CA US","7.65",",,,W","1015.5",",,,W","1013.6",",,,W","11.85",",,,W","3.5",",W","27.0","X","21.2",",0","3",",0","0",",0","0",",0","","","","","0",",0","0",",0","0",",0","22",",0","1",",0","3","","","","20070513","+,,0","","","","","","","20070502",",,0","20070507",",,0","7.8",",0,13,+","","","","","1.0",",,0,02,","33.9",",0,07,","1224.7","X","54.4",",0","2.3",",,,0","59",",,,W","37",",,,W","80",",,,W","","","17.26",",0","23.55",",,,0","10.98",",,,0","","","310",",X","310",",X","13.0",",X","15.6",",X"
"USW00023293","2007-06","37.35938","-121.92444","15.0","SAN JOSE, CA US","9.70",",,,W","1014.5",",,,W","1012.6",",,,W","13.64",",,,W","3.5",",W","66.5","X","39.5",",0","0",",0","0",",0","0",",0","","","","","0",",0","0",",0","0",",0","29",",0","2",",0","","","","","20070607",",,0","","","","","","","20070630","+,,0","20070614",",,0","9.4",",0,07,","","","","","0.0",",,0,30,+","35.0",",0,14,","1235.9","X","11.2",",0","0.0",",,,0","59",",,,W","37",",,,W","80",",,,W","","","19.28",",0","26.03",",,,0","12.53",",,,0","","","320",",X","300",",X","10.7",",X","14.3",",X"
"USW00023293","2007-07","37.35938","-121.92444","15.0","SAN JOSE, CA US","12.46",",,,W","1013.9","1,,,W","1012.0","1,,,W","15.65",",,,W","3.4",",W","149.7","X","83.2",",0","1",",0","0",",0","0",",0","","","","","0",",0","0",",0","0",",0","31",",0","2",",0","3","","","","20070701",",,0","","","","","","","20070718",",,0","20070704",",,0","11.7",",0,01,","","","","","0.3",",,0,18,","33.3",",0,04,","0.3","X","0.3",",0","0.3",",,,0","63",",,,W","41",",,,W","83",",,,W","","","21.01",",0","27.24",",,,0","14.78",",,,0","","","330",",X","20",",X","10.3",",X","13.4",",X"
"USW00023293","2007-08","37.35938","-121.92444","15.0","SAN JOSE, CA US","11.90",",,,W","1012.9",",,,W","1011.0",",,,W","15.44",",,,W","3.2",",W","234.5","X","84.8",",0","0",",0","0",",0","0",",0","","","","","0",",0","0",",0","0",",0","31",",0","3",",0","1","","","","20070808",",,0","","","","","","","20070831","+,,0","20070830",",,0","11.7",",0,08,","","","","","0.0",",,0,31,+","34.4",",0,30,","1.2","X","0.9",",0","0.0",",,,0","61",",,,W","38",",,,W","81",",,,W","","","21.04",",0","27.43",",,,0","14.65",",,,0","","","320",",X","320",",X","10.7",",X","13.4",",X"
"USW00023293","2007-09","37.35938","-121.92444","15.0","SAN JOSE, CA US","10.20",",,,W","1014.0",",,,W","1012.1",",,,W","14.08",",,,W","2.9",",W","291.6","X","57.1",",0","0",",0","0",",0","0",",0","","","","","0",",0","0",",0","0",",0","27",",0","3",",0","","","","","20070930",",,0","","","","","","","20070922","+,,0","20070902",",,0","7.8",",0,30,","","","","","0.0",",T,0,22,+","35.0",",0,02,","15.7","X","14.5",",0","0.0",",T,,0","60",",,,W","36",",,,W","80",",,,W","","","19.75",",0","25.83",",,,0","13.67",",,,0","","","340",",X","340",",X","11.6",",X","13.9",",X"
"USW00023293","2007-10","37.35938","-121.92444","15.0","SAN JOSE, CA US","8.08",",,,W","1017.2",",,,W","1015.4",",,,W","11.80",",,,W","2.5",",W","297.4","X","5.8",",0","5",",0","1",",0","1",",0","","","","","0",",0","0",",0","0",",0","21",",0","0",",0","9","","","","20071006",",,0","","","","","","","20071012",",,0","20071023",",,0","6.7",",0,06,","","","","","25.9",",,0,12,","30.0",",0,23,","78.2","X","62.5",",0","32.5",",,,0","63",",,,W","39",",,,W","84",",,,W","","","16.50",",0","22.41",",,,0","10.60",",,,0","","","320",",X","320",",X","13.4",",X","16.1",",X"
"USW00023293","2007-11","37.35938","-121.92444","15.0","SAN JOSE, CA US","5.61",",,,W","1018.6",",,,W","1016.7",",,,W","9.63",",,,W","1.7",",W","297.4","X","0.0",",0","2",",0","2",",0","0",",0","","","","","0",",0","0",",0","0",",0","9",",0","0",",0","9","","","","20071124","+,,0","","","","","","","20071110",",,0","20071103",",,0","2.8",",0,24,+","","","","","8.9",",,0,10,","26.7",",0,03,","214.7","X","136.5",",0","14.0",",,,0","63",",,,W","40",",,,W","84",",,,W","","","13.78",",0","19.79",",,,0","7.77",",,,0","","","320",",X","320",",X","9.8",",X","11.2",",X"
"USW00023293","2007-12","37.35938","-121.92444","15.0","SAN JOSE, CA US","2.53",",,,W","1022.5",",,,W","1020.7",",,,W","6.44",",,,W","2.7",",W","297.4","X","0.0",",X","10",",X","5",",X","0",",X","","","","","0",",X","1",",X","0",",X","0",",X","0",",X","11","","","","20071222",",,X","","","","","","","20071218",",,X","20071203",",,X","0.0",",X,22,","","","","","13.2",",,X,18,","20.0",",X,03,","489.8","X","275.1",",X","32.8",",,,X","65",",,,W","44",",,,W","83",",,,W","","","9.46",",X","14.12",",,,X","4.80",",,,X","","","120",",X","110",",X","13.4",",X","17.0",",X"
"USW00023293","2008-01","37.35938","-121.92444","15.0","SAN JOSE, CA US","","","","","","","","","2.9",",W","0.0","0","0.0",",X","18",",0","11",",0","1",",0","0",",0","","","0",",X","0",",X","0",",X","0",",X","0",",X","18","","2","","20080101",",,X","20080131","+,,0","","","1","","20080104",",,0","20080126",",,X","0.6",",X,01,","0",",,0,31,+","","","43.4",",,0,04,","17.8",",X,26,","780.6","0","290.8",",X","142.5",",,,0","73",",,,W","56",",,,W","89",",,,W","","","8.95",",X","13.07",",,,X","4.84",",,,X","","","120",",X","110",",X","17.0",",X","22.8",",X"
"USW00023293","2008-02","37.35938","-121.92444","15.0","SAN JOSE, CA US","4.87",",,,W","1019.6",",,,W","1017.8",",,,W","7.96",",,,W","2.6",",W","0.0","0","0.0",",0","8",",0","5",",0","0",",0","0",",0","","","0",",0","0",",0","0",",0","2",",0","0",",0","15","","2","","20080205",",,0","20080229","+,,0","","","","","20080224",",,0","20080228",",,0","1.1",",0,05,","0",",,0,29,+","","","18.0",",,0,24,","22.2",",0,28,","994.0","0","213.4",",0","45.9",",,,0","70",",,,W","48",",,,W","88",",,,W","","","10.98",",0","16.11",",,,0","5.84",",,,0","","","140",",X","160",",X","12.5",",X","16.1",",X"
"USW00023293","2008-03","37.35938","-121.92444","15.0","SAN JOSE, CA US","4.40","1,,,W","1022.0",",,,W","1020.2",",,,W","8.87","1,,,W","2.8",",W","0.0","0","0.0",",0","2",",0","1",",0","0",",0","","","","","0",",0","0",",0","0",",0","8",",0","0",",0","","","","","20080331","+,,0","","","","","","","20080315",",,0","20080322",",,0","3.9",",0,31,+","","","","","3.6",",,0,15,","24.4",",0,22,","1149.7","0","155.7",",0","3.9",",,,0","58",",,,W","34",",,,W","78",",,,W","","","13.31",",0","19.60",",,,0","7.02",",,,0","","","340",",X","340",",X","11.2",",X","14.8",",X"
"USW00023293","2008-04","37.35938","-121.92444","15.0","SAN JOSE, CA US","3.89",",,,W","1019.4",",,,W","1017.6",",,,W","9.01",",,,W","3.4",",W","9.2","0","9.2",",0","2",",0","0",",0","0",",0","","","","","0",",0","0",",0","0",",0","13",",0","0",",0","1","","","","20080407",",,0","","","","","","","20080423",",,0","20080413","+,,0","3.9",",0,07,","","","","","0.5",",,0,23,","30.6",",0,13,+","1278.5","0","128.8",",0","0.8",",,,0","54",",,,W","32",",,,W","76",",,,W","","","14.35",",0","20.91",",,,0","7.78",",,,0","","","330",",X","330",",X","11.2",",X","15.6",",X"
"USW00023293","2008-05","37.35938","-121.92444","15.0","SAN JOSE, CA US","7.02",",,,W","1014.5",",,,W","1012.7",",,,W","11.36",",,,W","3.5",",W","44.7","0","35.5",",0","0",",0","0",",0","0",",0","","","","","0",",0","0",",0","0",",0","20",",0","4",",0","2","","","","20080503","+,,0","","","","","","","20080531","+,,0","20080515",",,0","6.7",",0,03,+","","","","","0.0",",,0,31,+","37.2",",0,15,","1349.6","0","71.1",",0","0.0",",,,0","57",",,,W","36",",,,W","77",",,,W","","","17.18",",0","23.58",",,,0","10.78",",,,0","","","320",",X","320",",X","13.4",",X","16.5",",X"
"USW00023293","2008-06","37.35938","-121.92444","15.0","SAN JOSE, CA US","8.63",",,,W","1014.6",",,,W","1012.9",",,,W","13.39",",,,W","3.2",",W","108.0","0","63.3",",0","0",",0","0",",0","0",",0","","","","","0",",0","0",",0","0",",0","27",",0","5",",0","6","","","","20080602",",,0","","","","","1","","20080630","+,,0","20080620",",,0","8.3",",0,02,","","","","","0.0",",,0,30,+","39.4",",0,20,","1371.3","0","21.7",",0","0.0",",,,0","56",",,,W","34",",,,W","80",",,,W","","","19.72",",0","26.88",",,,0","12.55",",,,0","","","330",",X","350",",X","11.6",",X","14.8",",X"
"USW00023293","2008-07","37.35938","-121.92444","15.0","SAN JOSE, CA US","12.83",",,,W","1013.0",",,,W","1011.2",",,,W","15.62",",,,W","3.1",",W","184.1","0","76.1",",0","0",",0","0",",0","0",",0","","","","","0",",0","0",",0","0",",0","31",",0","4",",0","4","","","","20080724",",,0","","","","","","","20080731","+,,0","20080708",",,0","12.2",",0,24,","","","","","0.0",",,0,31,+","38.3",",0,08,","2.0","0","2.0",",0","0.0",",,,0","66",",,,W","44",",,,W","87",",,,W","","","20.72",",0","26.93",",,,0","14.51",",,,0","","","330",",X","340",",X","10.7",",X","12.5",",X"
"USW00023293","2008-08","37.35938","-121.92444","15.0","SAN JOSE, CA US","12.49",",,,W","1011.6",",,,W","1009.8",",,,W","15.80",",,,W","2.9",",W","281.5","0","97.4",",0","0",",0","0",",0","0",",0","","","","","0",",0","0",",0","0",",0","31",",0","5",",0","3","","","","20080803",",,0","","","","","","","20080805",",,0","20080828",",,0","11.7",",0,03,","","","","","0.0",",T,0,05,","38.3",",0,28,","4.4","0","2.4",",0","0.0",",T,,0","64",",,,W","40",",,,W","86",",,,W","","","21.40",",0","28.12",",,,0","14.67",",,,0","","","340",",X","350",",X","10.3",",X","13.9",",X"
"USW00023293","2008-09","37.35938","-121.92444","15.0","SAN JOSE, CA US","10.35",",,,W","1012.9",",,,W","1011.0",",,,W","14.62",",,,W","2.4",",W","363.8","0","82.3",",0","0",",0","0",",0","0",",0","","","","","0",",0","0",",0","0",",0","30",",0","6",",0","5","","","","20080919","+,,0","","","","","","","20080920",",,0","20080905","+,,0","10.0",",0,19,+","","","","","0.0",",T,0,20,","37.2",",0,05,+","7.8","0","3.4",",0","0.0",",T,,0","59",",,,W","35",",,,W","78",",,,W","","","20.97",",0","27.94",",,,0","13.99",",,,0","","","330",",X","350",",X","9.8",",X","12.5",",X"
"USW00023293","2008-10","37.35938","-121.92444","15.0","SAN JOSE, CA US","7.65",",,,W","1017.4",",,,W","1015.6",",,,W","12.44",",,,W","2.3",",W","394.9","0","31.1",",0","3",",0","1",",0","0",",0","","","","","0",",0","0",",0","0",",0","24",",0","0",",0","10","","","","20081013","+,,0","","","","","","","20081004",",,0","20081022","+,,0","7.2",",0,13,+","","","","","3.3",",,0,04,","30.6",",0,22,+","40.1","0","32.3",",0","4.9",",,,0","57",",,,W","33",",,,W","78",",,,W","","","18.29",",0","25.04",",,,0","11.55",",,,0","","","200",",X","300",",X","11.6",",X","14.8",",X"
"USW00023293","2008-11","37.35938","-121.92444","15.0","SAN JOSE, CA US","8.73","2,,,W","1019.7","1,,,W","1017.8","1,,,W","11.38","2,,,W","1.8",",W","397.7","0","2.8",",0","5",",0","3",",0","0",",0","","","","","0",",0","0",",0","0",",0","11",",0","0",",0","14","","4","","20081122",",,0","","","","","","","20081101",",,0","20081115","+,,0","5.0",",0,22,","","","","","13.2",",,0,01,","28.3",",0,15,+","144.1","0","104.0",",0","26.6",",,,0","72",",,,W","49",",,,W","90",",,,W","","","14.96",",0","20.11",",,,0","9.81",",,,0","","","320",",X","300","1,X","11.2",",X","14.3","1,X"
"USW00023293","2008-12","37.35938","-121.92444","15.0","SAN JOSE, CA US","3.64","4,,,W","1019.3","4,,,W","1017.6","4,,,W","6.48","4,,,W","2.0",",W","397.7","0","0.0",",0","11",",0","6",",0","0",",0","","","","","0",",0","1",",0","0",",0","0",",0","0",",0","17","","4","","20081218",",,0","","","","","1","","20081225",",,0","20081205","+,,0","0.0",",0,18,","","","","","11.7",",,0,25,","18.3",",0,05,+","434.3","0","290.2",",0","38.9",",,,0","73",",,,W","53",",,,W","89",",,,W","","","8.97",",0","13.82",",,,0","4.12",",,,0","","","300",",X","310",",X","13.9",",X","17.0",",X"
"USW00023293","2009-01","37.35938","-121.92444","15.0","SAN JOSE, CA US","3.26","2,,,W","1022.9","2,,,W","1021.2","2,,,W","7.28","2,,,W","1.6",",W","0.8","0","0.8",",0","5",",0","3",",0","0",",0","","","","","0",",0","1",",0","0",",0","10",",0","0",",0","11","","3","","20090104",",,0","","","","","","","20090122",",,0","20090112",",,0","-2.2",",0,04,","","","","","16.3",",,0,22,","25.0",",0,12,","653.8","0","219.5",",0","33.1",",,,0","63",",,,W","41",",,,W","84",",,,W","","","11.28",",0","17.21",",,,0","5.35",",,,0","","","330",",X","330",",X","10.7",",X","13.4",",X"
"USW00023293","2009-02","37.35938","-121.92444","15.0","SAN JOSE, CA US","5.21","1,,,W","1017.2",",,,W","1015.4",",,,W","8.37","1,,,W","2.9",",W","0.8","0","0.0",",0","16",",0","8",",0","2",",0","","","","","0",",0","0",",0","0",",0","4",",0","0",",0","12","","","","20090210",",,0","","","","","","","20090215",",,0","20090203",",,0","0.6",",0,10,","","","","","38.6",",,0,15,","23.3",",0,03,","845.7","0","191.9",",0","131.2",",,,0","69",",,,W","49",",,,W","87",",,,W","","","11.48",",0","16.25",",,,0","6.71",",,,0","","","140",",X","150","2,X","14.3",",X","18.3","2,X"
"USW00023293","2009-03","37.35938","-121.92444","15.0","SAN JOSE, CA US","5.39",",,,W","1018.9",",,,W","1017.0",",,,W","8.91",",,,W","3.1",",W","0.8","0","0.0",",0","7",",0","6",",0","1",",0","","","","","0",",0","0",",0","0",",0","5",",0","0",",0","5","","","","20090310",",,0","","","","","","","20090303",",,0","20090328",",,0","1.1",",0,10,","","","","","25.4",",,0,03,","26.1",",0,28,","1021.1","0","175.4",",0","48.1",",,,0","65",",,,W","44",",,,W","83",",,,W","","","12.68",",0","17.88",",,,0","7.47",",,,0","","","150",",X","160",",X","14.8",",X","17.9",",X"
"USW00023293","2009-04","37.35938","-121.92444","15.0","SAN JOSE, CA US","4.90",",,,W","1017.7",",,,W","1015.8",",,,W","9.55",",,,W","3.3",",W","19.4","0","18.6",",0","3",",0","2",",0","0",",0","","","","","0",",0","0",",0","0",",0","9",",0","3",",0","3","","","","20090416","+,,0","","","","","","","20090407",",,0","20090420",",,0","4.4",",0,16,+","","","","","3.0",",,0,07,","35.0",",0,20,","1154.1","0","133.0",",0","7.5",",,,0","57",",,,W","36",",,,W","77",",,,W","","","14.52",",0","20.84",",,,0","8.20",",,,0","","","310",",X","310",",X","14.8",",X","20.1",",X"
"USW00023293","2009-05","37.35938","-121.92444","15.0","SAN JOSE, CA US","9.42",",,,W","1015.5",",,,W","1013.6",",,,W","13.07",",,,W","3.3",",W","45.4","0","26.0",",0","3",",0","0",",0","0",",0","","","","","0",",0","0",",0","0",",0","26",",0","2",",0","4","","","","20090521",",,0","","","","","","","20090505","+,,0","20090517",",,0","8.9",",0,21,","","","","","1.0",",,0,05,+","36.1",",0,17,","1179.6","0","25.5",",0","2.3",",,,0","62",",,,W","39",",,,W","81",",,,W","","","18.35",",0","24.57",",,,0","12.13",",,,0","","","210",",X","210",",X","10.7",",X","16.1",",X"
"USW00023293","2009-06","37.35938","-121.92444","15.0","SAN JOSE, CA US","10.07","1,,,W","1012.4",",,,W","1010.5",",,,W","13.97","1,,,W","3.3",",W","92.8","0","47.4",",0","1",",0","0",",0","0",",0","","","","","0",",0","0",",0","0",",0","29",",0","3",",0","","","","","20090621",",,0","","","","","","","20090612",",,0","20090627",",,0","10.6",",0,21,","","","","","0.3",",,0,12,","36.1",",0,27,","1189.4","0","9.8",",0","0.3",",,,0","59",",,,W","40",",,,W","77",",,,W","","","19.59",",0","25.56",",,,0","13.61",",,,0","","","310",",X","310",",X","10.7",",X","13.4",",X"
"USW00023293","2009-07","37.35938","-121.92444","15.0","SAN JOSE, CA US","11.47",",,,W","1014.4",",,,W","1012.5",",,,W","14.84",",,,W","3.0",",W","155.7","0","62.9",",0","0",",0","0",",0","0",",0","","","","","0",",0","0",",0","0",",0","31",",0","5",",0","1","","","","20090710","+,,0","","","","","","","20090711",",,0","20090714",",,0","11.7",",0,10,+","","","","","0.0",",T,0,11,","37.2",",0,14,","2.0","0","2.0",",0","0.0",",T,,0","63",",,,W","41",",,,W","82",",,,W","","","20.30",",0","26.64",",,,0","13.95",",,,0","","","310",",X","310",",X","11.2",",X","13.4",",X"
"USW00023293","2009-08","37.35938","-121.92444","15.0","SAN JOSE, CA US","11.62",",,,W","1014.3",",,,W","1012.4",",,,W","15.27",",,,W","2.9",",W","247.0","0","91.3",",0","1",",0","0",",0","0",",0","","","","","0",",0","0",",0","0",",0","31",",0","7",",0","5","","","","20090825","+,,0","","","","","","","20090806",",,0","20090828",",,0","11.7",",0,25,+","","","","","0.5",",,0,06,","38.3",",0,28,","2.3","0","0.3",",0","0.5",",,,0","61",",,,W","37",",,,W","82",",,,W","","","21.27",",0","27.85",",,,0","14.69",",,,0","","","310",",X","310",",X","10.7",",X","12.5",",X"
"USW00023293","2009-09","37.35938","-121.92444","15.0","SAN JOSE, CA US","11.39",",,,W","1013.8",",,,W","1012.0",",,,W","15.24",",,,W","2.5",",W","345.7","0","98.7",",0","1",",0","1",",0","0",",0","","","","","0",",0","0",",0","0",",0","30",",0","9",",0","6","","","","20090930",",,0","","","","","1","","20090913",",,0","20090926",",,0","7.8",",0,30,","","","","","5.3",",,0,13,","35.6",",0,26,","7.8","0","5.5",",0","5.3",",,,0","59",",,,W","32",",,,W","82",",,,W","","","21.44",",0","28.41",",,,0","14.47",",,,0","","","280",",X","290",",X","11.6",",X","15.6",",X"
"USW00023293","2009-10","37.35938","-121.92444","15.0","SAN JOSE, CA US","8.36",",,,W","1014.9",",,,W","1013.1",",,,W","12.13",",,,W","2.9",",W","358.5","0","12.8",",0","3",",0","1",",0","1",",0","","","","","0",",0","0",",0","0",",0","17",",0","0",",0","7","","2","","20091029",",,0","","","","","","","20091013",",,0","20091002",",,0","6.1",",0,29,","","","","","59.2",",,0,13,","27.8",",0,02,","64.7","0","56.9",",0","61.3",",,,0","63",",,,W","40",",,,W","82",",,,W","","","16.91",",0","22.50",",,,0","11.33",",,,0","","","120",",X","110",",X","14.8",",X","20.1",",X"
"USW00023293","2009-11","37.35938","-121.92444","15.0","SAN JOSE, CA US","5.08",",,,W","1018.3",",,,W","1016.4",",,,W","8.94",",,,W","2.0",",W","359.1","0","0.6",",0","5",",0","1",",0","0",",0","","","","","0",",0","0",",0","0",",0","7",",0","0",",0","7","","1","","20091119","+,,0","","","","","","","20091127",",,0","20091103",",,0","2.8",",0,19,+","","","","","5.1",",,0,27,","27.8",",0,03,","234.8","0","170.1",",0","7.3",",,,0","64",",,,W","39",",,,W","85",",,,W","","","12.68",",0","19.00",",,,0","6.37",",,,0","","","330",",X","340","1,X","13.9",",X","17.4","1,X"
"USW00023293","2009-12","37.35938","-121.92444","15.0","SAN JOSE, CA US","4.94","1,,,W","1018.0","1,,,W","1016.3","1,,,W","7.28","1,,,W","1.9",",W","359.1","0","0.0",",0","11",",0","7",",0","0",",0","","","","","0",",0","2",",0","0",",0","0",",0","0",",0","20","","2","","20091208",",,0","","","","","","","20091207",",,0","20091220",",,0","-1.7",",0,08,","","","","","11.2",",,0,07,","20.6",",0,20,","504.5","0","269.7",",0","55.1",",,,0","75",",,,W","55",",,,W","91",",,,W","","","9.63",",0","14.18",",,,0","5.08",",,,0","","","300",",X","290",",X","11.2",",X","14.8",",X"
"USW00023293","2010-01","37.35938","-121.92444","15.0","SAN JOSE, CA US","7.32","2,,,W","1014.4","2,,,W","1012.7","2,,,W","9.00","2,,,W","2.3",",W","0.0","0","0.0",",0","13",",0","10",",0","1",",0","","","","","0",",0","0",",0","0",",0","0",",0","0",",0","25","","4","","20100105",",,0","","","","","2","","20100120",",,0","20100116","+,,0","3.3",",0,05,","","","","","32.8",",,0,20,","17.2",",0,16,+","746.0","0","241.5",",0","116.5",",,,0","82",",,,W","64",",,,W","94",",,,W","","","10.54",",0","14.47",",,,0","6.61",",,,0","","","110",",X","120",",X","14.3",",X","19.2",",X"
"USW00023293","2010-02","37.35938","-121.92444","15.0","SAN JOSE, CA US","7.89","2,,,W","1015.6","1,,,W","1013.8","1,,,W","9.74","2,,,W","2.4",",W","0.0","0","0.0",",0","13",",0","6",",0","0",",0","","","","","0",",0","0",",0","0",",0","0",",0","0",",0","17","","1","","20100210",",,0","","","","","","","20100226","+,,0","20100217",",,0","3.9",",0,10,","","","","","9.7",",,0,26,+","20.6",",0,17,","921.4","0","175.4",",0","54.2",",,,0","78",",,,W","60",",,,W","93",",,,W","","","12.07",",0","16.29",",,,0","7.85",",,,0","","","110",",X","120",",X","13.4",",X","17.4",",X"
"USW00023293","2010-03","37.35938","-121.92444","15.0","SAN JOSE, CA US","5.57",",,,W","1018.5",",,,W","1016.6",",,,W","9.10",",,,W","2.7",",W","0.0","0","0.0",",0","7",",0","5",",0","0",",0","","","","","0",",0","0",",0","0",",0","10",",0","0",",0","9","","","","20100311",",,0","","","","","","","20100303",",,0","20100319",",,0","2.8",",0,11,","","","","","21.1",",,0,03,","27.2",",0,19,","1093.6","0","172.2",",0","52.0",",,,0","65",",,,W","41",",,,W","86",",,,W","","","12.78",",0","18.49",",,,0","7.06",",,,0","","","270",",X","90",",X","11.2",",X","14.8",",X"
"USW00023293","2010-04","37.35938","-121.92444","15.0","SAN JOSE, CA US","6.28",",,,W","1015.7",",,,W","1013.8",",,,W","9.59",",,,W","3.3",",W","0.0","0","0.0",",0","8",",0","6",",0","0",",0","","","","","0",",0","0",",0","0",",0","11",",0","0",",0","8","","","","20100406","+,,0","","","","","","","20100411",",,0","20100425",",,0","5.0",",0,06,+","","","","","20.8",",,0,11,","26.1",",0,25,","1248.1","0","154.5",",0","76.0",",,,0","66",",,,W","45",",,,W","85",",,,W","","","13.18",",0","18.48",",,,0","7.88",",,,0","","","120",",X","120",",X","13.9",",X","17.4",",X"
"USW00023293","2010-05","37.35938","-121.92444","15.0","SAN JOSE, CA US","6.86",",,,W","1017.3",",,,W","1015.5",",,,W","10.74",",,,W","3.6",",W","2.3","0","2.3",",0","5",",0","1",",0","0",",0","","","","","0",",0","0",",0","0",",0","14",",0","0",",0","6","","","","20100528","+,,0","","","","","","","20100525",",,0","20100530",",,0","7.2",",0,28,+","","","","","3.0",",,0,25,","28.9",",0,30,","1341.7","0","93.6",",0","8.9",",,,0","61",",,,W","40",",,,W","81",",,,W","","","15.39",",0","21.09",",,,0","9.69",",,,0","","","300",",X","290",",X","11.6",",X","14.8",",X"
"USW00023293","2010-06","37.35938","-121.92444","15.0","SAN JOSE, CA US","10.47",",,,W","1015.0",",,,W","1013.1",",,,W","14.19",",,,W","3.4",",W","53.5","0","51.2",",0","0",",0","0",",0","0",",0","","","","","0",",0","0",",0","0",",0","29",",0","2",",0","2","","","","20100620",",,0","","","","","","","20100630","+,,0","20100627","+,,0","9.4",",0,20,","","","","","0.0",",,0,30,+","33.3",",0,27,+","1354.4","0","12.7",",0","0.0",",,,0","61",",,,W","40",",,,W","82",",,,W","","","19.62",",0","25.85",",,,0","13.38",",,,0","","","310",",X","310","1,X","10.7",",X","16.1","1,X"
"USW00023293","2010-07","37.35938","-121.92444","15.0","SAN JOSE, CA US","11.65",",,,W","1013.0",",,,W","1011.1",",,,W","14.75",",,,W","3.0",",W","104.1","0","50.6",",0","0",",0","0",",0","0",",0","","","","","0",",0","0",",0","0",",0","31",",0","0",",0","3","","","","20100701",",,0","","","","","","","20100731","+,,0","20100715",",,0","11.1",",0,01,","","","","","0.0",",,0,31,+","31.7",",0,15,","0.3","0","0.3",",0","0.0",",,,0","65",",,,W","43",",,,W","82",",,,W","","","19.96",",0","26.01",",,,0","13.90",",,,0","","","290",",X","240","1,X","8.9",",X","11.2","1,X"
"USW00023293","2010-08","37.35938","-121.92444","15.0","SAN JOSE, CA US","11.13",",,,W","1012.7",",,,W","1010.8",",,,W","14.38",",,,W","3.0",",W","155.2","0","51.1",",0","0",",0","0",",0","0",",0","","","","","0",",0","0",",0","0",",0","31",",0","3",",0","3","","","","20100801",",,0","","","","","","","20100822",",,0","20100824",",,0","11.1",",0,01,","","","","","0.0",",T,0,22,","38.9",",0,24,","4.5","0","4.2",",0","0.0",",T,,0","64",",,,W","42",",,,W","83",",,,W","","","19.85",",0","26.08",",,,0","13.62",",,,0","","","320",",X","310","1,X","9.4",",X","11.6","1,X"
"USW00023293","2010-09","37.35938","-121.92444","15.0","SAN JOSE, CA US","10.93",",,,W","1012.6",",,,W","1010.6",",,,W","14.93",",,,W","2.5",",W","243.5","0","88.3",",0","0",",0","0",",0","0",",0","","","","","0",",0","0",",0","0",",0","30",",0","8",",0","4","","","","20100923",",,0","","","","","","","20100917",",,0","20100928",",,0","10.0",",0,23,","","","","","0.0",",T,0,17,","37.2",",0,28,","8.4","0","3.9",",0","0.0",",T,,0","59",",,,W","35",",,,W","80",",,,W","","","21.15",",0","28.15",",,,0","14.15",",,,0","","","300",",X","340",",X","9.8",",X","12.5",",X"
"USW00023293","2010-10","37.35938","-121.92444","15.0","SAN JOSE, CA US","9.29",",,,W","1016.8","1,,,W","1014.9","1,,,W","13.03",",,,W","2.2",",W","278.0","0","34.5",",0","7",",0","0",",0","0",",0","","","","","0",",0","0",",0","0",",0","18",",0","3",",0","5","","","","20101027",",,0","","","","","","","20101024",",,0","20101013","+,,0","6.1",",0,27,","","","","","1.5",",,0,24,","33.9",",0,13,+","50.8","0","42.4",",0","6.4",",,,0","63",",,,W","41",",,,W","80",",,,W","","","18.08",",0","23.57",",,,0","12.58",",,,0","","","120",",X","170","1,X","9.4",",X","13.0","1,X"
"USW00023293","2010-11","37.35938","-121.92444","15.0","SAN JOSE, CA US","5.60",",,,W","1019.9",",,,W","1018.0",",,,W","9.23",",,,W","2.2",",W","284.7","0","6.7",",0","8",",0","6",",0","0",",0","","","","","0",",0","2",",0","0",",0","10",",0","0",",0","10","","","","20101129","+,,0","","","","","1","","20101120",",,0","20101104",",,0","0.0",",0,29,+","","","","","18.8",",,0,20,","29.4",",0,04,","217.9","0","167.1",",0","44.8",",,,0","65",",,,W","41",",,,W","86",",,,W","","","12.99",",0","18.67",",,,0","7.30",",,,0","","","280",",X","280","1,X","11.6",",X","14.8","1,X"
"USW00023293","2010-12","37.35938","-121.92444","15.0","SAN JOSE, CA US","7.83","2,,,W","1016.6","1,,,W","1014.9","1,,,W","9.82","2,,,W","2.5",",W","284.7","0","0.0",",0","11",",0","10",",0","0",",0","","","","","0",",0","0",",0","0",",0","0",",0","0",",0","19","","","","20101230",",,0","","","","","","","20101219",",,0","20101210","+,,0","1.1",",0,30,","","","","","19.1",",,0,19,","19.4",",0,10,+","418.5","0","200.6",",0","77.6",",,,0","78",",,,W","60",",,,W","93",",,,W","","","11.86",",0","15.57",",,,0","8.15",",,,0","","","290",",X","300",",X","15.6",",X","20.6",",X"
"USW00023293","2011-01","37.35938","-121.92444","15.0","SAN JOSE, CA US","5.71","1,,,W","1021.2",",,,W","1019.4",",,,W","8.17","1,,,W","1.7",",W","0.0","X","0.0",",X","6",",X","3",",X","0",",X","","","","","0",",X","1",",X","0",",X","4",",X","0",",X","19","","4","","20110110",",,X","","","","","","","20110130",",,X","20110122",",,X","-0.6",",X,10,","","","","","13.0",",,X,30,","22.2",",X,22,","656.2","X","237.7",",X","24.5",",,,X","75",",,,W","53",",,,W","91",",,,W","","","10.66",",X","15.75",",,,X","5.57",",,,X","","","120",",X","120","1,X","11.6",",X","14.8","1,X"
"USW00023293","2011-02","37.35938","-121.92444","15.0","SAN JOSE, CA US","2.71","1,,,W","1019.3",",,,W","1017.5",",,,W","6.89","1,,,W","2.7",",W","0.0","X","0.0",",X","7",",X","6",",X","0",",X","","","","","0",",X","1",",X","0",",X","4",",X","0",",X","11","","1","","20110227",",,X","","","","","","","20110217",",,X","20110206",",,X","0.0",",X,27,","","","","","24.6",",,X,17,","25.0",",X,06,","879.3","X","223.1",",X","80.0",",,,X","63",",,,W","41",",,,W","85",",,,W","","","10.37",",X","16.01",",,,X","4.73",",,,X","","","100",",X","110",",X","13.0",",X","17.9",",X"
"USW00023293","2011-03","37.35938","-121.92444","15.0","SAN JOSE, CA US","7.82","2,,,W","1018.4",",,,W","1016.5",",,,W","10.17","2,,,W","3.4",",W","1.4","X","1.4",",X","16",",X","9",",X","0",",X","","","","","0",",X","0",",X","0",",X","3",",X","0",",X","17","","","","20110301",",,X","","","","","1","","20110324",",,X","20110331",",,X","2.8",",X,01,","","","","","23.6",",,X,24,","27.2",",X,31,","1060.8","X","181.5",",X","109.7",",,,X","75",",,,W","53",",,,W","92",",,,W","","","12.52",",X","17.15",",,,X","7.89",",,,X","","","120",",X","120",",X","14.3",",X","19.7",",X"
"USW00023293","2011-04","37.35938","-121.92444","15.0","SAN JOSE, CA US","6.47",",,,W","1018.7",",,,W","1016.8",",,,W","10.09",",,,W","3.4",",W","2.5","X","1.1",",X","5",",X","0",",X","0",",X","","","","","0",",X","0",",X","0",",X","6",",X","0",",X","5","","","","20110409",",,X","","","","","","","20110407",",,X","20110401",",,X","3.9",",X,09,","","","","","2.3",",,X,07,","28.9",",X,01,","1189.4","X","128.6",",X","5.2",",,,X","64",",,,W","43",",,,W","85",",,,W","","","14.09",",X","19.46",",,,X","8.71",",,,X","","","160",",X","230",",X","11.2",",X","17.4",",X"
"USW00023293","2011-05","37.35938","-121.92444","15.0","SAN JOSE, CA US","6.84",",,,W","1016.3",",,,W","1014.4",",,,W","10.69",",,,W","3.6",",W","8.6","X","6.1",",X","6",",X","1",",X","0",",X","","","","","0",",X","0",",X","0",",X","12",",X","0",",X","5","","","","20110501",",,X","","","","","","","20110514",",,X","20110505",",,X","6.7",",X,01,","","","","","5.3",",,X,14,","31.7",",X,05,","1291.4","X","102.0",",X","10.2",",,,X","61",",,,W","40",",,,W","83",",,,W","","","15.24",",X","20.95",",,,X","9.54",",,,X","","","280",",X","290",",X","11.2",",X","13.9",",X"
"USW00023293","2011-06","37.35938","-121.92444","15.0","SAN JOSE, CA US","10.94",",,,W","1013.1",",,,W","1011.3",",,,W","13.90",",,,W","3.2",",W","42.5","X","33.9",",X","4",",X","2",",X","0",",X","","","","","0",",X","0",",X","0",",X","23",",X","2",",X","4","","","","20110602",",,X","","","","","","","20110604",",,X","20110621","+,,X","7.8",",X,02,","","","","","22.4",",,X,04,","35.6",",X,21,+","1317.2","X","25.8",",X","38.5",",,,X","66",",,,W","44",",,,W","87",",,,W","","","18.60",",X","24.58",",,,X","12.63",",,,X","","","310",",X","340",",X","10.7",",X","13.0",",X"
"USW00023293","2011-07","37.35938","-121.92444","15.0","SAN JOSE, CA US","12.93",",,,W","1012.5",",,,W","1010.6",",,,W","15.65",",,,W","3.2",",W","116.2","X","73.7",",X","0",",X","0",",X","0",",X","","","","","0",",X","0",",X","0",",X","31",",X","3",",X","2","","","","20110710",",,X","","","","","","","20110717",",,X","20110703",",,X","11.7",",X,10,","","","","","0.0",",T,X,17,","33.9",",X,03,","4.8","X","4.8",",X","0.0",",T,,X","67",",,,W","44",",,,W","89",",,,W","","","20.56",",X","26.98",",,,X","14.14",",,,X","","","330",",X","310",",X","9.8",",X","13.4",",X"
"USW00023293","2011-08","37.35938","-121.92444","15.0","SAN JOSE, CA US","13.45",",,,W","1013.2",",,,W","1011.3",",,,W","15.82",",,,W","2.8",",W","180.1","X","63.9",",X","0",",X","0",",X","0",",X","","","","","0",",X","0",",X","0",",X","31",",X","1",",X","5","","","","20110831","+,,X","","","","","","","20110831","+,,X","20110823",",,X","12.8",",X,31,+","","","","","0.0",",,X,31,+","33.9",",X,23,","4.8","X","0.0",",X","0.0",",,,X","72",",,,W","46",",,,W","92",",,,W","","","20.39",",X","26.50",",,,X","14.29",",,,X","","","130",",X","130",",X","9.4",",X","11.2",",X"
"USW00023293","2011-09","37.35938","-121.92444","15.0","SAN JOSE, CA US","12.87",",,,W","1013.7",",,,W","1011.8",",,,W","15.87",",,,W","2.5",",W","269.9","X","89.8",",X","0",",X","0",",X","0",",X","","","","","0",",X","0",",X","0",",X","30",",X","5",",X","7","","","","20110926","+,,X","","","","","1","","20110925","+,,X","20110928",",,X","11.7",",X,26,+","","","","","0.0",",T,X,25,+","35.6",",X,28,","4.8","X","0.0",",X","0.0",",T,,X","66",",,,W","39",",,,W","89",",,,W","","","21.33",",X","28.06",",,,X","14.60",",,,X","","","230",",X","300",",X","10.3",",X","11.6",",X"
"USW00023293","2011-10","37.35938","-121.92444","15.0","SAN JOSE, CA US","11.08",",,,W","1016.0",",,,W","1014.1",",,,W","13.96",",,,W","2.0",",W","296.5","X","26.6",",X","6",",X","4",",X","0",",X","","","","","0",",X","0",",X","0",",X","27",",X","0",",X","2","","2","","20111027",",,X","","","","","","","20111005",",,X","20111017",",,X","7.8",",X,27,","","","","","7.1",",,X,05,","30.6",",X,17,","36.4","X","31.6",",X","19.4",",,,X","69",",,,W","41",",,,W","91",",,,W","","","18.17",",X","24.27",",,,X","12.07",",,,X","","","110",",X","110",",X","9.8",",X","12.5",",X"
"USW00023293","2011-11","37.35938","-121.92444","15.0","SAN JOSE, CA US","6.12",",,,W","1018.7",",,,W","1016.9",",,,W","9.05",",,,W","2.1",",W","296.5","X","0.0",",X","8",",X","4",",X","0",",X","","","","","0",",X","0",",X","0",",X","4",",X","0",",X","11","","4","","20111119","+,,X","","","","","","","20111120","+,,X","20111102",",,X","3.9",",X,19,+","","","","","4.1",",,X,20,+","25.6",",X,02,","228.0","X","191.6",",X","17.8",",,,X","73",",,,W","48",",,,W","93",",,,W","","","11.95",",X","17.28",",,,X","6.61",",,,X","","","90",",X","310","1,X","13.4",",X","16.1","1,X"
"USW00023293","2011-12","37.35938","-121.92444","15.0","SAN JOSE, CA US","0.55",",,,W","1022.3",",,,W","1020.5",",,,W","5.79",",,,W","1.7",",W","296.5","X","0.0",",X","3",",X","0",",X","0",",X","","","","","0",",X","4",",X","0",",X","1",",X","0",",X","5","","","","20111225",",,X","","","","","","","20111215",",,X","20111202",",,X","-1.7",",X,25,","","","","","1.0",",,X,15,","21.7",",X,02,","497.7","X","269.7",",X","2.0",",,,X","60",",,,W","38",",,,W","81",",,,W","","","9.63",",X","15.77",",,,X","3.50",",,,X","","","320",",X","320","1,X","14.3",",X","18.3","1,X"
"USW00023293","2012-01","37.35938","-121.92444","15.0","SAN JOSE, CA US","3.04","1,,,W","1022.3",",,,W","1020.5",",,,W","6.95","1,,,W","2.0",",W","0.0","X","0.0",",X","5",",X","3",",X","0",",X","","","","","0",",X","3",",X","0",",X","0",",X","0",",X","8","","2","","20120117",",,X","","","","","","","20120120",",,X","20120113","+,,X","-1.7",",X,17,","","","","","11.2",",,X,20,","20.0",",X,13,+","741.4","X","243.7",",X","23.0",",,,X","66",",,,W","42",",,,W","86",",,,W","","","10.47",",X","16.54",",,,X","4.41",",,,X","","","110",",X","110",",X","11.2",",X","14.3",",X"
"USW00023293","2012-02","37.35938","-121.92444","15.0","SAN JOSE, CA US","3.94",",,,W","1019.5",",,,W","1017.7",",,,W","8.05",",,,W","2.7",",W","0.0","X","0.0",",X","8",",X","2",",X","0",",X","","","","","0",",X","0",",X","0",",X","5",",X","0",",X","5","","1","","20120228",",,X","","","","","","","20120213",",,X","20120222",",,X","2.2",",X,28,","","","","","6.9",",,X,13,","25.0",",X,22,","921.7","X","180.3",",X","17.1",",,,X","63",",,,W","37",",,,W","86",",,,W","","","12.12",",X","17.80",",,,X","6.43",",,,X","","","110",",X","100",",X","12.5",",X","16.1",",X"
"USW00023293","2012-03","37.35938","-121.92444","15.0","SAN JOSE, CA US","4.62",",,,W","1017.5",",,,W","1015.6",",,,W","8.58",",,,W","3.5",",W","0.0","X","0.0",",X","9",",X","5",",X","0",",X","","","","","0",",X","0",",X","0",",X","6",",X","0",",X","8","","","","20120308",",,X","","","","","","","20120316",",,X","20120304",",,X","2.8",",X,08,","","","","","14.7",",,X,16,","23.9",",X,04,","1106.4","X","184.7",",X","50.3",",,,X","64",",,,W","40",",,,W","86",",,,W","","","12.37",",X","17.75",",,,X","7.00",",,,X","","","280",",X","300","1,X","13.4",",X","17.4","1,X"
"USW00023293","2012-04","37.35938","-121.92444","15.0","SAN JOSE, CA US","7.15","2,,,W","1017.2",",,,W","1015.4",",,,W","11.01","2,,,W","3.5",",W","15.8","X","15.8",",X","7",",X","4",",X","0",",X","","","","","0",",X","0",",X","0",",X","14",",X","1",",X","6","","","","20120406",",,X","","","","","","","20120412",",,X","20120421",",,X","3.3",",X,06,","","","","","20.8",",,X,12,","32.8",",X,21,","1210.0","X","103.6",",X","47.7",",,,X","62",",,,W","36",",,,W","84",",,,W","","","15.41",",X","21.20",",,,X","9.62",",,,X","","","180",",X","180",",X","11.2",",X","15.6",",X"
"USW00023293","2012-05","37.35938","-121.92444","15.0","SAN JOSE, CA US","7.76",",,,W","1015.9",",,,W","1014.0",",,,W","11.90",",,,W","3.4",",W","34.2","X","18.4",",X","0",",X","0",",X","0",",X","","","","","0",",X","0",",X","0",",X","22",",X","1",",X","","","","","20120502",",,X","","","","","","","20120504","+,,X","20120511",",,X","7.8",",X,02,","","","","","0.0",",T,X,04,+","32.2",",X,11,","1255.4","X","45.4",",X","0.0",",T,,X","59",",,,W","35",",,,W","82",",,,W","","","17.46",",X","23.79",",,,X","11.13",",,,X","","","300",",X","320",",X","11.2",",X","14.8",",X"
"USW00023293","2012-06","37.35938","-121.92444","15.0","SAN JOSE, CA US","9.48",",,,W","1013.7",",,,W","1011.9",",,,W","13.61",",,,W","3.7",",W","81.4","X","47.2",",X","1",",X","1",",X","0",",X","","","","","0",",X","0",",X","0",",X","27",",X","4",",X","1","","","","20120609",",,X","","","","","","","20120604",",,X","20120616",",,X","9.4",",X,09,","","","","","3.8",",,X,04,","36.7",",X,16,","1277.6","X","22.2",",X","3.8",",,,X","59",",,,W","37",",,,W","82",",,,W","","","19.17",",X","25.92",",,,X","12.41",",,,X","","","300",",X","330",",X","10.7",",X","13.4",",X"
"USW00023293","2012-07","37.35938","-121.92444","15.0","SAN JOSE, CA US","12.17",",,,W","1013.9",",,,W","1012.0",",,,W","15.07",",,,W","3.4",",W","142.6","X","61.2",",X","0",",X","0",",X","0",",X","","","","","0",",X","0",",X","0",",X","31",",X","1",",X","","","","","20120715","+,,X","","","","","","","20120731","+,,X","20120721",",,X","12.2",",X,15,+","","","","","0.0",",,X,31,+","33.3",",X,21,","1.2","X","1.2",",X","0.0",",,,X","66",",,,W","42",",,,W","87",",,,W","","","20.27",",X","26.59",",,,X","13.95",",,,X","","","120",",X","130",",X","9.4",",X","12.5",",X"
"USW00023293","2012-08","37.35938","-121.92444","15.0","SAN JOSE, CA US","12.63",",,,W","1012.9",",,,W","1011.0",",,,W","15.37",",,,W","2.9",",X","205.7","X","63.1",",X","0",",X","0",",X","0",",X","","","","","0",",X","0",",X","0",",X","30",",X","1",",X","","","","","20120803",",,X","","","","","","","20120831","+,,X","20120809",",,X","12.2",",X,03,","","","","","0.0",",,X,31,+","32.2",",X,09,","3.5","X","2.3",",X","0.0",",,,X","68",",,,W","42",",,,W","89",",,,W","","","20.30",",X","26.65",",,,X","13.94",",,,X","","","320",",X","330",",X","9.8",",X","11.2",",X"
"USW00023293","2012-09","37.35938","-121.92444","15.0","SAN JOSE, CA US","11.60",",,,W","1015.1",",,,W","1013.3",",,,W","14.12",",,,W","2.4",",X","229.8","X","24.1",",X","1",",X","0",",X","0",",X","","","","","0",",X","0",",X","0",",X","28",",X","1",",X","","","","","20120924","+,,X","","","","","1","","20120906",",,X","20120930",",,X","10.0",",X,24,+","","","","","0.3",",,X,06,","32.2",",X,30,","16.8","X","13.3",",X","0.3",",,,X","72",",,,W","43",",,,W","94",",,,W","","","18.70",",X","25.20",",,,X","12.19",",,,X","","","300",",X","90","1,X","8.0",",X","11.6","1,X"
"USW00023293","2012-10","37.35938","-121.92444","15.0","SAN JOSE, CA US","10.21","3,,,W","1016.2",",,,W","1014.4",",,,W","12.92","3,,,W","2.4",",X","","","","","8",",X","1",",X","0",",X","","","","","","","","","","","","","","","5","","","","","","","","","","","","20121022",",,X","","","","","","","","","2.8",",,X,22,","","","","","","","8.9",",,,X","73",",,,W","47",",,,W","95",",,,W","","","","","","","","","","","140",",X","130",",X","11.2",",X","14.8",",X"
"USW00023293","2012-11","37.35938","-121.92444","15.0","SAN JOSE, CA US","8.74",",,,W","1018.5",",,,W","1016.6",",,,W","11.16",",,,W","2.3",",X","","","2.3",",X","9",",X","7",",X","1",",X","","","","","0",",X","0",",X","0",",X","6",",X","0",",X","11","","1","","20121111",",,X","","","","","","","20121130",",,X","20121105",",,X","3.3",",X,11,","","","","","29.0",",,X,30,","28.9",",X,05,","","","129.2",",X","65.6",",,,X","73",",,,W","50",",,,W","93",",,,W","","","14.10",",X","19.54",",,,X","8.66",",,,X","","","110",",X","110",",X","13.4",",X","19.2",",X"
"USW00023293","2012-12","37.35938","-121.92444","15.0","SAN JOSE, CA US","5.73",",,,W","1018.0",",,,W","1016.2",",,,W","8.19",",,,W","2.8",",X","","","0.0",",X","14",",X","10",",X","1",",X","","","","","0",",X","1",",X","0",",X","0",",X","0",",X","13","","","","20121219",",,X","","","","","1","","20121223",",,X","20121205",",,X","0.0",",X,19,","","","","","29.7",",,X,23,","20.6",",X,05,","","","248.3",",X","107.7",",,,X","75",",,,W","55",",,,W","91",",,,W","","","10.32",",X","14.45",",,,X","6.20",",,,X","","","270",",X","280",",X","11.2",",X","15.6",",X"
"USW00023293","2013-01","37.35938","-121.92444","15.0","SAN JOSE, CA US","","","1022.5",",,,W","1020.7",",,,W","","","1.4",",X","0.0","W","0.0",",X","8",",X","2",",X","0",",X","","","","","0",",X","7",",X","0",",X","0",",X","0",",X","6","","2","","20130113",",,X","","","","","","","20130124",",,X","20130131","+,,X","-3.3",",X,13,","","","","","9.4",",,X,24,","18.9",",X,31,+","","","298.1",",X","17.7",",,,X","70",",,,W","46",",,,W","89",",,,W","","","8.72",",X","14.51",",,,X","2.92",",,,X","","","300",",X","270","1,X","9.8",",X","14.3","1,X"
"USW00023293","2013-02","37.35938","-121.92444","15.0","SAN JOSE, CA US","4.12","2,,,W","1021.3",",,,W","1019.4",",,,W","7.23","2,,,W","2.1",",X","0.0","W","0.0","1,X","4",",X","1",",X","0",",X","","","","","0","1,X","1","1,X","0","1,X","2","1,X","0","1,X","4","","","","20130209",",1,X","","","","","","","20130219",",,X","20130214",",1,X","-0.6","1,X,09,","","","","","6.4",",,X,19,","22.8","1,X,14,","","","224.3","1,X","9.5",",,,X","70",",,,W","46",",,,W","91",",,,W","","","10.03","1,X","16.23","1,,,X","3.82","1,,,X","","","290",",X","310","2,X","9.8",",X","13.0","2,X"
"USW00023293","2013-03","37.35938","-121.92444","15.0","SAN JOSE, CA US","7.30",",,,W","1018.8",",,,W","1016.9",",,,W","10.12",",,,W","2.5",",X","0.3","W","0.3",",X","9",",X","1",",X","0",",X","","","","","0",",X","0",",X","0",",X","12",",X","0",",X","7","","1","","20130310",",,X","","","","","","","20130307",",,X","20130329",",,X","3.9",",X,10,","","","","","12.7",",,X,07,","25.6",",X,29,","","","143.7",",X","22.3",",,,X","70",",,,W","44",",,,W","90",",,,W","","","13.71",",X","19.43",",,,X","7.99",",,,X","","","150",",X","170",",X","13.4",",X","17.0",",X"
"USW00023293","2013-04","37.35938","-121.92444","15.0","SAN JOSE, CA US","7.45",",,,W","1017.0",",,,W","1015.1",",,,W","11.35",",,,W","3.4",",W","12.1","W","11.8",",W","3",",W","1",",W","0",",W","","","","","0",",W","0",",W","0",",W","15",",W","0",",W","3","","","","20130416",",,W","","","","","","","20130404",",,W","20130429",",,W","5.6",",W,16,","","","","","3.8",",,W,04,","31.1",",W,29,","","","69.6",",W","6.6",",,,W","61",",,,W","37",",,,W","84",",,,W","","","16.40",",W","22.87",",,,W","9.94",",,,W","","","280",",W","280",",W","13.9",",W","20.6",",W"
"USW00023293","2013-05","37.35938","-121.92444","15.0","SAN JOSE, CA US","7.89",",,,W","1016.2",",,,W","1014.3",",,,W","12.26",",,,W","3.6",",W","34.9","W","22.8",",W","1",",W","0",",W","0",",W","","","","","0",",W","0",",W","0",",W","23",",W","2",",W","","","","","20130524",",,W","","","","","","","20130516",",,W","20130502",",,W","7.2",",W,24,","","","","","0.3",",,W,16,","33.3",",W,02,","","","46.1",",W","0.3",",,,W","59",",,,W","38",",,,W","80",",,,W","","","17.58",",W","23.80",",,,W","11.37",",,,W","","","170",",W","170",",W","12.5",",W","16.5",",W"
"USW00023293","2013-06","37.35938","-121.92444","15.0","SAN JOSE, CA US","11.43",",,,W","1013.4",",,,W","1011.5",",,,W","14.68",",,,W","3.4",",W","90.8","W","55.9",",W","1",",W","0",",W","0",",W","","","","","0",",W","0",",W","0",",W","29",",W","2",",W","","","","","20130613",",,W","","","","","","","20130624",",,W","20130629",",,W","10.6",",W,13,","","","","","1.0",",,W,24,","35.6",",W,29,","","","7.8",",W","1.0",",,,W","63",",,,W","41",",,,W","84",",,,W","","","19.94",",W","26.15",",,,W","13.72",",,,W","","","320",",W","310",",W","11.2",",W","13.9",",W"
"USW00023293","2013-07","37.35938","-121.92444","15.0","SAN JOSE, CA US","12.71",",,,W","1013.1",",,,W","1011.2",",,,W","15.49",",,,W","3.2",",W","157.7","W","66.9",",W","0",",W","0",",W","0",",W","","","0",",W","0",",W","0",",W","0",",W","31",",W","4",",W","1","","","","20130712",",,W","","","20130731","+,,W","","","20130723",",,W","20130702","+,,W","11.7",",W,12,","","","0",",,W,31,+","0.0",",T,W,23,","33.3",",W,02,+","0.3","W","0.3",",W","0.0",",T,,W","67",",,,W","44",",,,W","87",",,,W","0",",,,W","20.48",",W","26.85",",,,W","14.12",",,,W","","","300",",W","290","1,W","9.4",",W","10.7","1,W"
"USW00023293","2013-08","37.35938","-121.92444","15.0","SAN JOSE, CA US","13.21",",,,W","1014.3",",,,W","1012.4",",,,W","15.76",",,,W","3.1",",W","225.5","W","67.8",",W","0",",W","0",",W","0",",W","","","0",",W","0",",W","0",",W","0",",W","31",",W","1",",W","1","","","","20130803",",,W","","","20130831","+,,W","1","","20130831","+,,W","20130818",",,W","11.7",",W,03,","","","0",",,W,31,+","0.0",",,W,31,+","32.8",",W,18,","0.9","W","0.6",",W","0.0",",,,W","69",",,,W","46",",,,W","86",",,,W","0",",,,W","20.50",",W","26.02",",,,W","14.98",",,,W","","","320",",W","250",",W","9.8",",W","13.4",",W"
"USW00023293","2013-09","37.35938","-121.92444","15.0","SAN JOSE, CA US","11.53",",,,W","1013.0",",,,W","1011.1",",,,W","14.95",",,,W","3.2",",W","284.1","W","58.6",",W","1",",W","1",",W","0",",W","","","","","0",",W","0",",W","0",",W","30",",W","1",",W","1","","","","20130927",",,W","","","","","","","20130921",",,W","20130907",",,W","9.4",",W,27,","","","","","16.8",",,W,21,","35.0",",W,07,","6.7","W","5.8",",W","16.8",",,,W","64",",,,W","39",",,,W","85",",,,W","","","20.09",",W","26.13",",,,W","14.06",",,,W","","","310",",W","300",",W","11.2",",W","13.4",",W"
"USW00023293","2013-10","37.35938","-121.92444","15.0","SAN JOSE, CA US","","","","","","","","","2.1",",W","291.0","W","6.9",",W","0",",W","0",",W","0",",W","","","","","0",",W","0",",W","0",",W","22",",W","0",",W","","","","","20131031","+,,W","","","","","","","20131031","+,,W","20131005",",,W","6.7",",W,31,+","","","","","0.0",",,W,31,+","29.4",",W,05,","74.7","W","68.0",",W","0.0",",,,W","","","","","","","","","16.36",",W","22.92",",,,W","9.80",",,,W","","","270",",W","270","3,W","12.5",",W","15.7","3,W"
"USW00023293","2013-11","37.35938","-121.92444","15.0","SAN JOSE, CA US","5.87",",,,W","1017.8",",,,W","1016.0",",,,W","9.51",",,,W","1.8",",W","291.0","W","0.0",",W","3",",W","2",",W","0",",W","","","","","0",",W","0",",W","0",",W","9",",W","0",",W","3","","","","20131125","+,,W","","","","","","","20131120",",,W","20131109","+,,W","4.4",",W,25,+","","","","","11.9",",,W,20,","25.0",",W,09,+","219.6","W","144.9",",W","19.6",",,,W","65",",,,W","38",",,,W","88",",,,W","","","13.50",",W","19.68",",,,W","7.33",",,,W","","","290",",W","290",",W","10.3",",W","13.0",",W"
"USW00023293","2013-12","37.35938","-121.92444","15.0","SAN JOSE, CA US","0.30",",,,W","1021.3",",,,W","1019.6",",,,W","4.96",",,,W","1.3",",W","291.0","W","0.0",",W","2",",W","0",",W","0",",W","","","","","0",",W","8",",W","0",",W","1",",W","0",",W","4","","","","20131209",",,W","","","","","","","20131207",",,W","20131224",",,W","-3.8",",W,09,","","","","","2.3",",,W,07,","21.1",",W,24,","515.0","W","295.4",",W","3.3",",,,W","60",",,,W","33",",,,W","86",",,,W","","","8.80",",W","15.72",",,,W","1.89",",,,W","","","280",",W","290","1,W","11.2",",W","13.9","1,W"
"USW00023293","2014-01","37.35938","-121.92444","15.0","SAN JOSE, CA US","2.79",",,,W","1021.1",",,,W","1019.3",",,,W","7.53",",,,W","1.2",",W","0.0","W","0.0",",W","3",",W","1",",W","0",",W","","","","","0",",W","0",",W","0",",W","7",",W","0",",W","3","","","","20140105","+,,W","","","","","","","20140130",",,W","20140114",",,W","1.7",",W,05,+","","","","","2.5",",,W,30,","24.4",",W,14,","709.0","W","194.0",",W","3.1",",,,W","59",",,,W","35",",,,W","80",",,,W","","","12.07",",W","18.86",",,,W","5.29",",,,W","","","300",",W","360","1,W","8.9",",W","10.7","1,W"
"USW00023293","2014-02","37.35938","-121.92444","15.0","SAN JOSE, CA US","7.36",",,,W","1017.5",",,,W","1015.7",",,,W","9.70",",,,W","2.9",",W","0.0","W","0.0",",W","13",",W","4",",W","0",",W","","","","","0",",W","0",",W","0",",W","3",",W","0",",W","5","","","","20140205","+,,W","","","","","","","20140228",",,W","20140224",",,W","2.2",",W,05,+","","","","","24.6",",,W,28,","22.8",",W,24,","876.2","W","167.2",",W","67.5",",,,W","75",",,,W","51",",,,W","94",",,,W","","","12.36",",W","17.02",",,,W","7.70",",,,W","","","110",",W","100",",W","13.0",",W","17.9",",W"
"USW00023293","2014-03","37.35938","-121.92444","15.0","SAN JOSE, CA US","6.73",",,,W","1017.9",",,,W","1016.1",",,,W","10.71",",,,W","3.0",",W","2.2","W","2.2",",W","10",",W","4",",W","0",",W","","","","","0",",W","0",",W","0",",W","16",",W","0",",W","7","","","","20140331",",,W","","","","","","","20140331",",,W","20140309",",,W","6.1",",W,31,","","","","","10.7",",,W,31,","27.2",",W,09,","976.5","W","100.3",",W","34.3",",,,W","63",",,,W","37",",,,W","86",",,,W","","","15.17",",W","21.15",",,,W","9.19",",,,W","","","120",",W","30",",W","13.0",",W","17.0",",W"
"USW00023293","2014-04","37.35938","-121.92444","15.0","SAN JOSE, CA US","7.88",",,,W","1016.8",",,,W","1014.8",",,,W","11.47",",,,W","3.0",",W","14.8","W","12.6",",W","4",",W","2",",W","0",",W","","","","","0",",W","0",",W","0",",W","18",",W","1",",W","1","","","","20140403","+,,W","","","","","","","20140401",",,W","20140430",",,W","6.1",",W,03,+","","","","","7.4",",,W,01,","33.9",",W,30,","1052.5","W","76.0",",W","16.4",",,,W","64",",,,W","38",",,,W","85",",,,W","","","16.22",",W","22.31",",,,W","10.12",",,,W","","","300",",W","180",",W","10.7",",W","14.3",",W"
"USW00023293","2014-05","37.35938","-121.92444","15.0","SAN JOSE, CA US","7.54",",,,W","1016.3",",,,W","1014.4",",,,W","12.41",",,,W","3.5",",W","48.3","W","33.5",",W","0",",W","0",",W","0",",W","","","","","0",",W","0",",W","0",",W","27",",W","3",",W","","","","","20140511","+,,W","","","","","","","20140508",",,W","20140513",",,W","8.9",",W,11,+","","","","","0.0",",T,W,08,","35.0",",W,13,","1083.3","W","30.8",",W","0.0",",T,,W","55",",,,W","33",",,,W","77",",,,W","","","18.42",",W","24.98",",,,W","11.86",",,,W","","","300",",W","270",",W","13.0",",W","17.4",",W"
"USW00023293","2014-06","37.35938","-121.92444","15.0","SAN JOSE, CA US","10.48",",,,W","1012.2",",,,W","1010.2",",,,W","14.13",",,,W","3.3",",W","94.0","W","45.7",",W","1",",W","0",",W","0",",W","","","","","0",",W","0",",W","0",",W","30",",W","2",",W","","","","","20140602",",,W","","","","","","","20140626",",,W","20140630","+,,W","10.6",",W,02,","","","","","0.3",",,W,26,","33.3",",W,30,+","1088.8","W","5.5",",W","0.3",",,,W","60",",,,W","37",",,,W","83",",,,W","","","19.67",",W","26.30",",,,W","13.05",",,,W","","","310",",W","300",",W","10.3",",W","12.5",",W"
"USW00023293","2014-07","37.35938","-121.92444","15.0","SAN JOSE, CA US","13.49",",,,W","1014.3",",,,W","1012.5",",,,W","16.28",",,,W","3.1",",W","186.0","W","92.0",",W","0",",W","0",",W","0",",W","","","","","0",",W","0",",W","0",",W","31",",W","1",",W","","","","","20140703",",,W","","","","","","","20140722","+,,W","20140725",",,W","13.3",",W,03,","","","","","0.0",",T,W,22,+","34.4",",W,25,","0.0","W","0.0",",W","0.0",",T,,W","67",",,,W","45",",,,W","86",",,,W","","","21.30",",W","27.21",",,,W","15.40",",,,W","","","310",",W","330",",W","9.8",",W","11.6",",W"
"USW00023293","2014-08","37.35938","-121.92444","15.0","SAN JOSE, CA US","13.58",",,,W","1013.6",",,,W","1011.8",",,,W","16.09",",,,W","3.0",",W","263.8","W","77.8",",W","0",",W","0",",W","0",",W","","","","","0",",W","0",",W","0",",W","31",",W","0",",W","1","","","","20140826",",,W","","","","","","","20140806",",,W","20140830",",,W","13.3",",W,26,","","","","","0.0",",T,W,06,","30.0",",W,30,","0.0","W","0.0",",W","0.0",",T,,W","69",",,,W","46",",,,W","86",",,,W","","","20.84",",W","26.43",",,,W","15.25",",,,W","","","310",",W","80",",W","9.4",",W","11.6",",W"
"USW00023293","2014-09","37.35938","-121.92444","15.0","SAN JOSE, CA US","13.38",",,,W","1011.9",",,,W","1010.0",",,,W","15.80",",,,W","2.7",",W","321.8","W","58.0",",W","1",",W","1",",W","0",",W","","","","","0",",W","0",",W","0",",W","30",",W","0",",W","9","","","","20140930","+,,W","","","","","","","20140925",",,W","20140911",",,W","12.2",",W,30,+","","","","","9.1",",,W,25,","31.7",",W,11,","1.5","W","1.5",",W","9.1",",,,W","71",",,,W","44",",,,W","90",",,,W","","","20.22",",W","25.64",",,,W","14.79",",,,W","","","300",",W","170",",W","10.3",",W","11.6",",W"
"USW00023293","2014-10","37.35938","-121.92444","15.0","SAN JOSE, CA US","9.68",",,,W","1014.8",",,,W","1012.9",",,,W","13.51",",,,W","2.2",",W","361.5","W","39.7",",W","2",",W","2",",W","0",",W","","","","","0",",W","0",",W","0",",W","28",",W","4",",W","4","","1","","20141027",",,W","","","","","","","20141031",",,W","20141004",",,W","7.8",",W,27,","","","","","13.0",",,W,31,","33.3",",W,04,","29.4","W","27.9",",W","15.8",",,,W","63",",,,W","35",",,,W","86",",,,W","","","18.71",",W","25.40",",,,W","12.03",",,,W","","","290",",W","160",",W","10.7",",W","15.7",",W"
"USW00023293","2014-11","37.35938","-121.92444","15.0","SAN JOSE, CA US","7.80",",,,W","1019.1",",,,W","1017.3",",,,W","10.63",",,,W","1.8",",W","361.5","W","0.0",",W","6",",W","4",",W","0",",W","","","","","0",",W","0",",W","0",",W","6",",W","0",",W","11","","2","","20141124",",,W","","","","","","","20141129",",,W","20141105",",,W","3.3",",W,24,","","","","","18.0",",,W,29,","25.0",",W,05,","163.7","W","134.3",",W","39.9",",,,W","72",",,,W","46",",,,W","91",",,,W","","","13.86",",W","19.46",",,,W","8.25",",,,W","","","130",",W","130","1,W","9.4",",W","12.5","1,W"
"USW00023293","2014-12","37.35938","-121.92444","15.0","SAN JOSE, CA US","8.12",",,,W","1018.4",",,,W","1016.7",",,,W","10.25",",,,W","2.7",",W","361.5","W","0.0",",W","15",",W","8",",W","3",",W","","","","","0",",W","0",",W","0",",W","1",",W","0",",W","20","","5","","20141227",",,W","","","","","","","20141211",",,W","20141208",",,W","0.6",",W,27,","","","","","82.0",",,W,11,","21.7",",W,08,","346.5","W","182.8",",W","196.6",",,,W","79",",,,W","59",",,,W","94",",,,W","","","12.44",",W","16.08",",,,W","8.80",",,,W","","","110",",W","100",",W","14.3",",W","19.7",",W"
"USW00023293","2015-01","37.35938","-121.92444","15.0","SAN JOSE, CA US","5.15",",,,W","1021.4",",,,W","1019.6",",,,W","7.92",",,,W","1.2",",W","0.0","W","0.0",",W","1",",W","0",",W","0",",W","","","","","0",",W","3",",W","0",",W","3",",W","0",",W","12","","3","","20150101",",,W","","","","","","","20150119",",,W","20150124",",,W","-1.0",",W,01,","","","","","0.3",",,W,19,","22.2",",W,24,","580.0","W","233.5",",W","0.3",",,,W","72",",,,W","48",",,,W","91",",,,W","","","10.80",",W","16.83",",,,W","4.78",",,,W","","","160",",W","160","1,W","10.7",",W","15.7","1,W"
"USW00023293","2015-02","37.35938","-121.92444","15.0","SAN JOSE, CA US","","","","","","","","","2.3",",W","0.0","W","0.0",",W","5",",W","2",",W","1",",W","","","","","0",",W","0",",W","0",",W","9",",W","0",",W","10","","","","20150224",",,W","","","","","","","20150206",",,W","20150213",",,W","1.7",",W,24,","","","","","32.0",",,W,06,","25.0",",W,13,","696.5","W","116.5",",W","44.2",",,,W","","","","","","","","","14.17",",W","19.86",",,,W","8.49",",,,W","","","100",",W","110",",W","13.9",",W","18.3",",W"
"USW00023293","2015-03","37.35938","-121.92444","15.0","SAN JOSE, CA US","7.74",",,,W","1019.1",",,,W","1017.3",",,,W","11.41",",,,W","2.3",",W","7.2","W","7.2",",W","3",",W","1",",W","0",",W","","","","","0",",W","0",",W","0",",W","23",",W","0",",W","4","","","","20150303","+,,W","","","","","","","20150311",",,W","20150314",",,W","3.9",",W,03,+","","","","","2.5",",,W,11,","31.7",",W,14,","777.0","W","80.5",",W","4.8",",,,W","63",",,,W","38",",,,W","84",",,,W","","","15.97",",W","22.62",",,,W","9.32",",,,W","","","310",",W","320","3,W","10.3",",W","13.4","3,W"
"USW00023293","2015-04","37.35938","-121.92444","15.0","SAN JOSE, CA US","6.00",",,,W","1016.3",",,,W","1014.4",",,,W","10.44",",,,W","3.2",",W","11.1","W","3.9",",W","2",",W","2",",W","0",",W","","","","","0",",W","0",",W","0",",W","18",",W","0",",W","1","","","","20150406","+,,W","","","","","","","20150407",",,W","20150430",",,W","5.0",",W,06,+","","","","","14.0",",,W,07,","31.1",",W,30,","871.5","W","94.5",",W","22.4",",,,W","58",",,,W","36",",,,W","80",",,,W","","","15.31",",W","21.47",",,,W","9.16",",,,W","","","310",",W","310",",W","10.7",",W","16.1",",W"
"USW00023293","2015-05","37.35938","-121.92444","15.0","SAN JOSE, CA US","8.62",",,,W","1014.5",",,,W","1012.6",",,,W","11.71",",,,W","3.3",",W","14.2","W","3.1",",W","2",",W","1",",W","0",",W","","","","","0",",W","0",",W","0",",W","9",",W","0",",W","1","","","","20150512",",,W","","","","","","","20150514",",,W","20150501",",,W","7.8",",W,12,","","","","","11.9",",,W,14,","28.9",",W,01,","948.9","W","77.4",",W","12.7",",,,W","66",",,,W","50",",,,W","81",",,,W","","","15.93",",W","20.34",",,,W","11.53",",,,W","","","320",",W","320",",W","10.7",",W","13.4",",W"
"USW00023293","2015-06","37.35938","-121.92444","15.0","SAN JOSE, CA US","12.12",",,,W","1012.8",",,,W","1010.8",",,,W","15.07",",,,W","3.0",",W","68.0","W","53.8",",W","1",",W","1",",W","0",",W","","","","","0",",W","0",",W","0",",W","29",",W","2",",W","2","","","","20150619",",,W","","","","","","","20150610",",,W","20150630",",,W","11.1",",W,19,","","","","","2.5",",,W,10,","33.3",",W,30,","955.8","W","6.9",",W","2.5",",,,W","65",",,,W","44",",,,W","86",",,,W","","","19.90",",W","26.10",",,,W","13.69",",,,W","","","300",",W","90","1,W","8.9",",W","13.9","1,W"
"USW00023293","2015-07","37.35938","-121.92444","15.0","SAN JOSE, CA US","13.26",",,,W","1013.7",",,,W","1011.8",",,,W","16.20",",,,W","3.4",",W","156.1","W","88.1",",W","0",",W","0",",W","0",",W","","","","","0",",W","0",",W","0",",W","31",",W","1",",W","2","","","","20150724",",,W","","","","","","","20150731","+,,W","20150728",",,W","12.8",",W,24,","","","","","0.0",",T,W,31,+","34.4",",W,28,","0.0","W","0.0",",W","0.0",",T,,W","65",",,,W","46",",,,W","83",",,,W","","","21.17",",W","26.52",",,,W","15.83",",,,W","","","320",",W","290",",W","10.7",",W","14.8",",W"
"USW00023293","2015-08","37.35938","-121.92444","15.0","SAN JOSE, CA US","13.61",",,,W","1013.9",",,,W","1012.0",",,,W","16.69",",,,W","3.2",",W","263.5","W","107.4",",W","1",",W","0",",W","0",",W","","","","","0",",W","0",",W","0",",W","31",",W","5",",W","5","","","","20150812","+,,W","","","","","","","20150806",",,W","20150816",",,W","13.9",",W,12,+","","","","","0.5",",,W,06,","36.1",",W,16,","0.0","W","0.0",",W","0.5",",,,W","65",",,,W","42",",,,W","85",",,,W","","","21.80",",W","27.60",",,,W","15.99",",,,W","","","310",",W","310",",W","11.2",",W","13.4",",W"
"USW00023293","2015-09","37.35938","-121.92444","15.0","SAN JOSE, CA US","10.74",",,,W","1012.2",",,,W","1010.3",",,,W","15.02",",,,W","2.6",",W","353.3","W","89.8",",W","1",",W","0",",W","0",",W","","","","","0",",W","0",",W","0",",W","29",",W","6",",W","","","","","20150916","+,,W","","","","","","","20150930",",,W","20150921",",,W","11.1",",W,16,+","","","","","0.3",",,W,30,","36.1",",W,21,","3.0","W","3.0",",W","0.3",",,,W","59",",,,W","34",",,,W","81",",,,W","","","21.22",",W","27.99",",,,W","14.46",",,,W","","","270",",W","310","1,W","10.7",",W","12.5","1,W"
"USW00023293","2015-10","37.35938","-121.92444","15.0","SAN JOSE, CA US","12.20",",,,W","1014.6",",,,W","1012.8",",,,W","15.04",",,,W","2.2",",W","403.2","W","49.9",",W","3",",W","0",",W","0",",W","","","","","0",",W","0",",W","0",",W","30",",W","1",",W","6","","1","","20151030",",,W","","","","","","","20151001",",,W","20151013",",,W","9.4",",W,30,","","","","","0.8",",,W,01,","33.9",",W,13,","6.5","W","3.5",",W","1.4",",,,W","68",",,,W","40",",,,W","89",",,,W","","","19.83",",W","26.15",",,,W","13.50",",,,W","","","320",",W","270","1,W","9.8",",W","13.0","1,W"
"USW00023293","2015-11","37.35938","-121.92444","15.0","SAN JOSE, CA US","5.52",",,,W","1018.8",",,,W","1016.9",",,,W","8.60",",,,W","2.1",",W","403.2","W","0.0",",W","7",",W","4",",W","1",",W","","","","","0",",W","2",",W","0",",W","4",",W","0",",W","8","","1","","20151128",",,W","","","","","1","","20151102",",,W","20151101",",,W","-0.5",",W,28,","","","","","28.7",",,W,02,","22.8",",W,01,","209.6","W","203.1",",W","61.5",",,,W","70",",,,W","45",",,,W","91",",,,W","","","11.56",",W","17.18",",,,W","5.95",",,,W","","","280",",W","30",",W","13.9",",W","17.4",",W"
"USW00023293","2015-12","37.35938","-121.92444","15.0","SAN JOSE, CA US","4.95",",,,W","1020.4",",,,W","1018.6",",,,W","7.74",",,,W","2.6",",W","403.2","W","0.0",",W","10",",W","10",",W","0",",W","","","","","0",",W","2",",W","0",",W","2",",W","0",",W","14","","","","20151227",",,W","","","","","1","","20151221",",,W","20151209",",,W","-1.0",",W,27,","","","","","12.4",",,W,21,","21.7",",W,09,","469.2","W","259.6",",W","56.6",",,,W","72",",,,W","52",",,,W","89",",,,W","","","9.96",",W","14.66",",,,W","5.25",",,,W","","","290",",W","290",",W","12.5",",W","17.9",",W"
"USW00023293","2016-01","37.35938","-121.92444","15.0","SAN JOSE, CA US","7.65",",,,W","1018.7",",,,W","1016.9",",,,W","9.88",",,,W","2.8",",W","0.0","W","0.0",",W","18",",W","9",",W","0",",W","","","","","0",",W","0",",W","0",",W","0",",W","0",",W","16","","","","20160101",",,W","","","","","","","20160105",",,W","20160129","+,,W","0.6",",W,01,","","","","","24.6",",,W,05,","20.0",",W,29,+","660.6","W","191.4",",W","104.0",",,,W","75",",,,W","59",",,,W","90",",,,W","","","12.16",",W","15.91",",,,W","8.41",",,,W","","","270",",W","270",",W","13.0",",W","16.1",",W"
"USW00023293","2016-02","37.35938","-121.92444","15.0","SAN JOSE, CA US","7.40",",,,W","1021.5",",,,W","1019.7",",,,W","10.59",",,,W","2.3",",W","0.0","W","0.0",",W","3",",W","2",",W","0",",W","","","","","0",",W","0",",W","0",",W","14",",W","0",",W","4","","1","","20160203","+,,W","","","","","","","20160217",",,W","20160216",",,W","3.3",",W,03,+","","","","","3.8",",,W,17,","26.7",",W,16,","782.0","W","121.4",",W","7.9",",,,W","67",",,,W","43",",,,W","86",",,,W","","","14.15",",W","20.54",",,,W","7.76",",,,W","","","170",",W","190",",W","13.4",",W","18.8",",W"
"USW00023293","2016-03","37.35938","-121.92444","15.0","SAN JOSE, CA US","8.62",",,,W","1017.4",",,,W","1015.5",",,,W","11.25",",,,W","3.3",",W","0.0","W","0.0",",W","14",",W","7",",W","1",",W","","","","","0",",W","0",",W","0",",W","11",",W","0",",W","13","","","","20160329","+,,W","","","","","","","20160305",",,W","20160317","+,,W","5.0",",W,29,+","","","","","30.5",",,W,05,","25.0",",W,17,+","900.1","W","118.1",",W","100.6",",,,W","71",",,,W","50",",,,W","87",",,,W","","","14.52",",W","19.50",",,,W","9.55",",,,W","","","100",",W","330",",W","14.8",",W","18.8",",W"
"USW00023293","2016-04","37.35938","-121.92444","15.0","SAN JOSE, CA US","7.89",",,,W","1017.1",",,,W","1015.2",",,,W","11.89",",,,W","3.4",",W","15.1","W","15.1",",W","6",",W","4",",W","0",",W","","","","","0",",W","0",",W","0",",W","16",",W","1",",W","7","","","","20160426","+,,W","","","","","","","20160422",",,W","20160418",",,W","7.2",",W,26,+","","","","","10.7",",,W,22,","32.8",",W,18,","965.4","W","65.3",",W","38.9",",,,W","61",",,,W","40",",,,W","81",",,,W","","","16.66",",W","22.38",",,,W","10.94",",,,W","","","310",",W","300",",W","11.6",",W","14.8",",W"
"USW00023293","2016-05","37.35938","-121.92444","15.0","SAN JOSE, CA US","10.11",",,,W","1014.2",",,,W","1012.4",",,,W","13.38",",,,W","3.4",",W","42.6","W","27.5",",W","3",",W","2",",W","0",",W","","","","","0",",W","0",",W","0",",W","26",",W","0",",W","3","","","","20160522",",,W","","","","","","","20160506",",,W","20160531","+,,W","8.9",",W,22,","","","","","4.3",",,W,06,","31.7",",W,31,+","999.3","W","33.9",",W","8.2",",,,W","64",",,,W","45",",,,W","82",",,,W","","","18.13",",W","23.75",",,,W","12.51",",,,W","","","310",",W","310",",W","11.2",",W","13.4",",W"
"USW00023293","2016-06","37.35938","-121.92444","15.0","SAN JOSE, CA US","10.89",",,,W","1015.0",",,,W","1013.2",",,,W","14.92",",,,W","3.5",",W","120.7","W","78.1",",W","0",",W","0",",W","0",",W","","","","","0",",W","0",",W","0",",W","30",",W","3",",W","","","","","20160615",",,W","","","","","","","20160630","+,,W","20160603",",,W","10.6",",W,15,","","","","","0.0",",,W,30,+","35.0",",W,03,","1003.8","W","4.5",",W","0.0",",,,W","58",",,,W","36",",,,W","80",",,,W","","","20.79",",W","27.48",",,,W","14.09",",,,W","","","320",",W","340",",W","10.7",",W","13.9",",W"
"USW00023293","2016-07","37.35938","-121.92444","15.0","SAN JOSE, CA US","12.13",",,,W","1014.3",",,,W","1012.4",",,,W","15.50",",,,W","3.5",",W","201.4","W","80.7",",W","0",",W","0",",W","0",",W","","","","","0",",W","0",",W","0",",W","31",",W","2",",W","","","","","20160715","+,,W","","","","","","","20160731","+,,W","20160726",",,W","12.8",",W,15,+","","","","","0.0",",,W,31,+","34.4",",W,26,","0.0","W","0.0",",W","0.0",",,,W","62",",,,W","39",",,,W","81",",,,W","","","20.94",",W","27.59",",,,W","14.28",",,,W","","","320",",W","310",",W","9.8",",W","12.5",",W"
"USW00023293","2016-08","37.35938","-121.92444","15.0","SAN JOSE, CA US","12.74",",,,W","1013.6",",,,W","1011.8",",,,W","15.57",",,,W","3.2",",W","275.5","W","74.1",",W","0",",W","0",",W","0",",W","","","","","0",",W","0",",W","0",",W","31",",W","0",",W","1","","","","20160807",",,W","","","","","","","20160810",",,W","20160813",",,W","12.8",",W,07,","","","","","0.0",",T,W,10,","31.1",",W,13,","0.0","W","0.0",",W","0.0",",T,,W","67",",,,W","44",",,,W","83",",,,W","","","20.72",",W","26.51",",,,W","14.94",",,,W","","","320",",W","120","1,W","9.4",",W","12.5","1,W"
"USW00023293","2016-09","37.35938","-121.92444","15.0","SAN JOSE, CA US","10.64",",,,W","1014.6",",,,W","1012.7",",,,W","14.65",",,,W","3.0",",W","352.9","W","77.4",",W","0",",W","0",",W","0",",W","","","","","0",",W","0",",W","0",",W","30",",W","6",",W","1","","","","20160923",",,W","","","","","","","20160916",",,W","20160926",",,W","11.1",",W,23,","","","","","0.0",",T,W,16,","36.7",",W,26,","1.4","W","1.4",",W","0.0",",T,,W","59",",,,W","34",",,,W","79",",,,W","","","20.87",",W","27.52",",,,W","14.21",",,,W","","","320",",W","300",",W","10.3",",W","13.0",",W"
"USW00023293","2016-10","37.35938","-121.92444","15.0","SAN JOSE, CA US","9.82",",,,W","1015.6",",,,W","1013.7",",,,W","13.43",",,,W","3.0",",W","370.8","W","17.9",",W","6",",W","4",",W","0",",W","","","","","0",",W","0",",W","0",",W","26",",W","0",",W","6","","","","20161006","+,,W","","","","","","","20161028",",,W","20161008",",,W","10.0",",W,06,+","","","","","16.3",",,W,28,","31.7",",W,08,","23.1","W","21.7",",W","39.7",",,,W","63",",,,W","42",",,,W","81",",,,W","","","18.21",",W","23.61",",,,W","12.81",",,,W","","","180",",W","180",",W","11.6",",W","15.2",",W"
"USW00023293","2016-11","37.35938","-121.92444","15.0","SAN JOSE, CA US","8.93","1,,,W","1018.8","1,,,W","1017.0","1,,,W","11.64","1,,,W","2.4",",W","374.2","W","3.4",",W","8",",W","3",",W","0",",W","","","","","0",",W","0",",W","0",",W","14",",W","0",",W","12","","2","","20161130",",,W","","","","","","","20161126",",,W","20161109",",,W","3.9",",W,30,","","","","","13.0",",,W,26,","26.1",",W,09,","128.5","W","105.4",",W","33.3",",,,W","71","1,,,W","48","1,,,W","89","1,,,W","","","14.93",",W","20.14",",,,W","9.72",",,,W","","","100",",W","160",",W","12.5",",W","16.1",",W"
"USW00023293","2016-12","37.35938","-121.92444","15.0","SAN JOSE, CA US","4.02",",,,W","1020.0",",,,W","1018.2",",,,W","7.45",",,,W","2.4",",W","374.2","W","0.0",",W","5",",W","3",",W","0",",W","","","","","0",",W","3",",W","0",",W","0",",W","0",",W","8","","","","20161219","+,,W","","","","","","","20161223",",,W","20161209",",,W","-1.0",",W,19,+","","","","","13.5",",,W,23,","20.0",",W,09,","379.8","W","251.3",",W","38.4",",,,W","67",",,,W","48",",,,W","84",",,,W","","","10.23",",W","15.05",",,,W","5.40",",,,W","","","120",",W","310","1,W","10.7",",W","15.7","1,W"
"USW00023293","2017-01","37.35938","-121.92444","15.0","SAN JOSE, CA US","5.48",",,,W","1017.6",",,,W","1015.9",",,,W","7.75",",,,W","3.1",",W","0.0","W","0.0",",W","16",",W","12",",W","1",",W","","","","","0",",W","1",",W","0",",W","0",",W","0",",W","18","","","","20170106",",,W","","","","","4","","20170108",",,W","20170130",",,W","-0.5",",W,06,","","","","","26.2",",,W,08,","18.3",",W,30,","643.7","W","263.9",",W","142.5",",,,W","76",",,,W","57",",,,W","91",",,,W","","","9.82",",W","14.13",",,,W","5.51",",,,W","","","120",",W","110","1,W","17.4",",W","22.4","1,W"
"USW00023293","2017-02","37.35938","-121.92444","15.0","SAN JOSE, CA US","7.53",",,,W","1016.0",",,,W","1014.2",",,,W","10.00",",,,W","3.6",",W","0.0","W","0.0",",W","17",",W","10",",W","1",",W","","","","","0",",W","0",",W","0",",W","2",",W","0",",W","14","","1","","20170224",",,W","","","","","","","20170220",",,W","20170215",",,W","1.7",",W,24,","","","","","47.5",",,W,20,","21.7",",W,15,","811.0","W","167.3",",W","133.9",",,,W","74",",,,W","54",",,,W","89",",,,W","","","12.36",",W","16.33",",,,W","8.39",",,,W","","","120",",W","130","1,W","19.7",",W","25.0","1,W"
"USW00023293","2017-03","37.35938","-121.92444","15.0","SAN JOSE, CA US","7.78",",,,W","1020.1",",,,W","1018.2",",,,W","10.77",",,,W","3.0",",W","1.1","W","1.1",",W","10",",W","7",",W","0",",W","","","","","0",",W","0",",W","0",",W","13",",W","0",",W","11","","1","","20170301",",,W","","","","","1","","20170322",",,W","20170314",",,W","2.8",",W,01,","","","","","8.4",",,W,22,","27.2",",W,14,","935.7","W","124.7",",W","37.2",",,,W","68",",,,W","45",",,,W","87",",,,W","","","14.35",",W","19.86",",,,W","8.83",",,,W","","","300",",W","300",",W","12.5",",W","15.2",",W"
"USW00023293","2017-04","37.35938","-121.92444","15.0","SAN JOSE, CA US","7.30",",,,W","1017.6",",,,W","1015.7",",,,W","11.20",",,,W","3.5",",W","1.7","W","0.6",",W","9",",W","6",",W","0",",W","","","","","0",",W","0",",W","0",",W","13",",W","0",",W","6","","","","20170410","+,,W","","","","","","","20170407",",,W","20170430","+,,W","5.0",",W,10,+","","","","","12.4",",,W,07,","26.1",",W,30,+","1018.3","W","82.6",",W","42.6",",,,W","61",",,,W","40",",,,W","82",",,,W","","","15.60",",W","21.08",",,,W","10.12",",,,W","","","120",",W","110",",W","16.5",",W","24.1",",W"
"USW00023293","2017-05","37.35938","-121.92444","15.0","SAN JOSE, CA US","9.98",",,,W","1014.2",",,,W","1012.4",",,,W","13.39",",,,W","3.7",",W","37.9","W","36.2",",W","0",",W","0",",W","0",",W","","","","","0",",W","0",",W","0",",W","22",",W","1",",W","1","","","","20170518",",,W","","","","","","","20170531","+,,W","20170503",",,W","8.9",",W,18,","","","","","0.0",",T,W,31,+","32.8",",W,03,","1056.8","W","38.5",",W","0.0",",T,,W","63",",,,W","43",",,,W","82",",,,W","","","18.26",",W","24.15",",,,W","12.36",",,,W","","","170",",W","170",",W","11.6",",W","15.7",",W"
"USW00023293","2017-06","37.35938","-121.92444","15.0","SAN JOSE, CA US","12.45",",,,W","1013.5",",,,W","1011.7",",,,W","15.44",",,,W","3.5",",W","110.0","W","72.1",",W","1",",W","0",",W","0",",W","","","","","0",",W","0",",W","0",",W","29",",W","4",",W","2","","","","20170605",",,W","","","","","","","20170609",",,W","20170618",",,W","10.6",",W,05,","","","","","0.5",",,W,09,","39.4",",W,18,","1065.3","W","8.5",",W","0.5",",,,W","65",",,,W","45",",,,W","85",",,,W","","","20.45",",W","26.51",",,,W","14.39",",,,W","","","280",",W","320",",W","10.7",",W","13.9",",W"
"USW00023293","2017-07","37.35938","-121.92444","15.0","SAN JOSE, CA US","13.15",",,,W","1014.1",",,,W","1012.3",",,,W","16.42",",,,W","3.1",",W","221.2","W","111.2",",W","0",",W","0",",W","0",",W","","","","","0",",W","0",",W","0",",W","31",",W","6",",W","4","","","","20170701",",,W","","","","","","","20170731","+,,W","20170716","+,,W","12.2",",W,01,","","","","","0.0",",,W,31,+","36.1",",W,16,+","0.3","W","0.3",",W","0.0",",,,W","64",",,,W","39",",,,W","87",",,,W","","","21.91",",W","28.97",",,,W","14.85",",,,W","","","190",",W","190",",W","10.3",",W","13.4",",W"
"USW00023293","2017-08","37.35938","-121.92444","15.0","SAN JOSE, CA US","14.74",",,,W","1013.0",",,,W","1011.1",",,,W","17.24",",,,W","3.0",",W","340.8","W","119.6",",W","0",",W","0",",W","0",",W","","","","","0",",W","0",",W","0",",W","31",",W","6",",W","8","","","","20170831","+,,W","","","","","","","20170804",",,W","20170827",",,W","13.9",",W,31,+","","","","","0.0",",T,W,04,","36.1",",W,27,","0.3","W","0.0",",W","0.0",",T,,W","69",",,,W","46",",,,W","86",",,,W","","","22.19",",W","27.92",",,,W","16.46",",,,W","","","330",",W","340",",W","9.4",",W","12.1",",W"
"USW00023293","2017-09","37.35938","-121.92444","15.0","SAN JOSE, CA US","12.06",",,,W","1012.6",",,,W","1010.7",",,,W","16.36",",,,W","2.9",",W","483.7","W","142.9",",W","1",",W","0",",W","0",",W","","","","","0",",W","0",",W","0",",W","30",",W","8",",W","4","","","","20170922",",,W","","","","","1","","20170911",",,W","20170901",",,W","10.0",",W,22,","","","","","1.0",",,W,11,","42.2",",W,01,","3.4","W","3.1",",W","1.0",",,,W","57",",,,W","35",",,,W","76",",,,W","","","22.99",",W","29.54",",,,W","16.45",",,,W","","","170",",W","170",",W","13.9",",W","18.3",",W"
"USW00023293","2017-10","37.35938","-121.92444","15.0","SAN JOSE, CA US","7.37",",,,W","1015.7",",,,W","1013.8",",,,W","12.54",",,,W","2.3",",W","526.3","W","42.6",",W","2",",W","1",",W","0",",W","","","","","0",",W","0",",W","0",",W","28",",W","3",",W","7","","","","20171013","+,,W","","","","","","","20171019",",,W","20171024",",,W","7.2",",W,13,+","","","","","5.1",",,W,19,","34.4",",W,24,","28.9","W","25.5",",W","5.6",",,,W","54",",,,W","27",",,,W","81",",,,W","","","18.89",",W","26.41",",,,W","11.36",",,,W","","","300",",W","320",",W","11.6",",W","14.3",",W"
"USW00023293","2017-11","37.35938","-121.92444","15.0","SAN JOSE, CA US","9.19",",,,W","1018.3",",,,W","1016.5",",,,W","11.80",",,,W","2.2",",W","527.4","W","1.1",",W","10",",W","3",",W","0",",W","","","","","0",",W","0",",W","0",",W","12",",W","0",",W","14","","","","20171118",",,W","","","","","","","20171116",",,W","20171125",",,W","4.4",",W,18,","","","","","19.3",",,W,16,","26.7",",W,25,","127.1","W","98.2",",W","32.6",",,,W","71",",,,W","46",",,,W","91",",,,W","","","15.10",",W","20.44",",,,W","9.75",",,,W","","","260",",W","270",",W","10.3",",W","13.0",",W"
"USW00023293","2017-12","37.35938","-121.92444","15.0","SAN JOSE, CA US","2.12",",,,W","1022.3",",,,W","1020.5",",,,W","6.84",",,,W","1.6",",W","527.4","W","0.0",",W","1",",W","0",",W","0",",W","","","","","0",",W","0",",W","0",",W","1",",W","0",",W","5","","","","20171222",",,W","","","","","","","20171220",",,W","20171210",",,W","1.1",",W,22,","","","","","1.8",",,W,20,","21.1",",W,10,","354.1","W","227.0",",W","1.8",",,,W","59",",,,W","34",",,,W","81",",,,W","","","11.01",",W","17.74",",,,W","4.28",",,,W","","","30",",W","30",",W","13.4",",W","17.4",",W"
"USW00023293","2018-01","37.35938","-121.92444","15.0","SAN JOSE, CA US","8.56",",,,W","1021.2",",,,W","1019.5",",,,W","10.35",",,,W","2.0",",W","0.0","W","0.0",",W","11",",W","6",",W","1",",W","","","","","0",",W","0",",W","0",",W","2",",W","0",",W","17","","3","","20180121",",,W","","","","","1","","20180108",",,W","20180130","+,,W","2.8",",W,21,","","","","","35.6",",,W,08,","21.1",",W,30,+","537.1","W","183.0",",W","81.2",",,,W","79",",,,W","58",",,,W","94",",,,W","","","12.43",",W","17.04",",,,W","7.82",",,,W","","","180",",W","180","1,W","10.7",",W","13.0","1,W"
"USW00023293","2018-02","37.35938","-121.92444","15.0","SAN JOSE, CA US","2.71","1,,,W","1020.2","1,,,W","1018.3","1,,,W","7.90","1,,,W","2.6","1,W","0.0","W","0.0",",W","3",",W","1",",W","0",",W","","","","","0",",W","1",",W","0",",W","11",",W","0",",W","","","","","20180224",",,W","","","","","","","20180226",",,W","20180209",",,W","0.0",",W,24,","","","","","9.1",",,W,26,","26.7",",W,09,","701.1","W","164.0",",W","10.2",",,,W","55","1,,,W","29","1,,,W","80","1,,,W","","","12.48",",W","19.13",",,,W","5.83",",,,W","","","290",",W","280","1,W","13.4",",W","16.1","1,W"
"USW00023293","2018-03","37.35938","-121.92444","15.0","SAN JOSE, CA US","6.73",",,,W","1017.5",",,,W","1015.5",",,,W","9.89",",,,W","3.1",",W","2.5","W","2.5",",W","12",",W","7",",W","0",",W","","","","","0",",W","0",",W","0",",W","10",",W","0",",W","13","","","","20180305",",,W","","","","","1","","20180301",",,W","20180330","+,,W","1.7",",W,05,","","","","","14.5",",,W,01,","27.8",",W,30,+","862.4","W","161.3",",W","68.9",",,,W","68",",,,W","45",",,,W","87",",,,W","","","13.21",",W","18.65",",,,W","7.78",",,,W","","","120",",W","130","1,W","11.2",",W","13.4","1,W"
"USW00023293","2018-04","37.35938","-121.92444","15.0","SAN JOSE, CA US","7.95",",,,W","1018.1",",,,W","1016.2",",,,W","11.33",",,,W","3.1",",W","5.6","W","3.1",",W","6",",W","3",",W","0",",W","","","","","0",",W","0",",W","0",",W","15",",W","0",",W","4","","","","20180417",",,W","","","","","1","","20180406",",,W","20180423",",,W","6.1",",W,17,","","","","","11.9",",,W,06,","28.9",",W,23,","947.5","W","85.1",",W","31.2",",,,W","64",",,,W","41",",,,W","84",",,,W","","","15.60",",W","21.39",",,,W","9.81",",,,W","","","280",",W","240",",W","10.3",",W","13.4",",W"
"USW00023293","2018-05","37.35938","-121.92444","15.0","SAN JOSE, CA US","9.55",",,,W","1015.6",",,,W","1013.7",",,,W","12.71",",,,W","3.5",",W","16.8","W","11.2",",W","0",",W","0",",W","0",",W","","","","","0",",W","0",",W","0",",W","19",",W","1",",W","4","","","","20180501",",,W","","","","","","","20180525",",,W","20180528",",,W","9.4",",W,01,","","","","","0.0",",T,W,25,","32.8",",W,28,","990.7","W","43.2",",W","0.0",",T,,W","65",",,,W","45",",,,W","82",",,,W","","","17.30",",W","22.47",",,,W","12.14",",,,W","","","320",",W","320",",W","10.7",",W","13.9",",W"
"USW00023293","2018-06","37.35938","-121.92444","15.0","SAN JOSE, CA US","10.80",",,,W","1013.2",",,,W","1011.3",",,,W","14.58",",,,W","3.7",",W","81.3","W","64.5",",W","0",",W","0",",W","0",",W","","","","","0",",W","0",",W","0",",W","30",",W","4",",W","","","","","20180601",",,W","","","","","","","20180630","+,,W","20180623",",,W","8.9",",W,01,","","","","","0.0",",,W,30,+","36.7",",W,23,","996.7","W","6.0",",W","0.0",",,,W","60",",,,W","37",",,,W","81",",,,W","","","20.28",",W","27.12",",,,W","13.44",",,,W","","","170",",W","180","1,W","12.5",",W","16.1","1,W"
"USW00023293","2018-07","37.35938","-121.92444","15.0","SAN JOSE, CA US","13.37",",,,W","1015.1","1,,,W","1013.3","1,,,W","16.60",",,,W","3.4",",W","203.7","W","122.4",",W","0",",W","0",",W","0",",W","","","","","0",",W","0",",W","0",",W","31",",W","3",",W","3","","","","20180711","+,,W","","","","","","","20180712",",,W","20180725",",,W","13.9",",W,11,+","","","","","0.0",",T,W,12,","32.8",",W,25,","0.0","W","0.0",",W","0.0",",T,,W","63",",,,W","40",",,,W","84",",,,W","","","22.28",",W","28.46",",,,W","16.10",",,,W","","","320",",W","330",",W","10.3",",W","15.7",",W"
"USW00023293","2018-08","37.35938","-121.92444","15.0","SAN JOSE, CA US","12.83",",,,W","1014.5",",,,W","1012.7",",,,W","16.00",",,,W","3.2",",W","","","","","0",",W","0",",W","0",",W","","","","","","","","","","","","","","","5","","","","","","","","","","","","20180831","+,,W","","","","","","","","","0.0",",,W,31,+","","","","","","","0.0",",,,W","64",",,,W","41",",,,W","84",",,,W","","","","","","","","","","","330",",W","320",",W","9.4",",W","12.1",",W"
"USW00023293","2018-09","37.35938","-121.92444","15.0","SAN JOSE, CA US","11.18",",,,W","1013.0",",,,W","1011.2",",,,W","14.40",",,,W","2.7",",W","","","47.0","1,W","0",",W","0",",W","0",",W","","","","","0",",W","0",",W","0","1,W","29","1,W","2","1,W","8","","","","20180918",",,W","","","","","","","20180930","+,,W","20180920",",1,W","9.4",",W,18,","","","","","0.0",",,W,30,+","32.8","1,W,20,","","","5.1","1,W","0.0",",,,W","65",",,,W","37",",,,W","87",",,,W","","","19.79","1,W","26.82","1,,,W","12.76",",,,W","","","330",",W","90",",W","10.3",",W","13.4",",W"
"USW00023293","2018-10","37.35938","-121.92444","15.0","SAN JOSE, CA US","9.43",",,,W","1014.9",",,,W","1013.2",",,,W","13.19",",,,W","2.5",",W","","","24.5",",W","1",",W","0",",W","0",",W","","","","","0",",W","0",",W","0",",W","28",",W","0",",W","5","","1","","20181031","+,,W","","","","","","","20181003",",,W","20181012","+,,W","8.3",",W,31,+","","","","","0.8",",,W,03,","28.9",",W,12,+","","","24.8",",W","0.8",",,,W","63",",,,W","36",",,,W","85",",,,W","","","18.32",",W","24.69",",,,W","11.96",",,,W","","","340",",W","340",",W","10.3",",W","12.1",",W"
"USW00023293","2018-11","37.35938","-121.92444","15.0","SAN JOSE, CA US","4.64",",,,W","1017.8",",,,W","1016.1",",,,W","9.58",",,,W","2.0",",W","","","3.9",",W","7",",W","5",",W","0",",W","","","","","0",",W","0",",W","0",",W","11",",W","0",",W","11","","1","","20181115","+,,W","","","","","","","20181129",",,W","20181103","+,,W","3.3",",W,15,+","","","","","18.0",",,W,29,","28.3",",W,03,+","","","129.8",",W","48.7",",,,W","59",",,,W","37",",,,W","78",",,,W","","","14.13",",W","20.40",",,,W","7.86",",,,W","","","140",",W","150",",W","13.4",",W","17.9",",W"
"USW00023293","2018-12","37.35938","-121.92444","15.0","SAN JOSE, CA US","5.99","2,,,W","1020.5","2,,,W","1018.7","2,,,W","8.63","2,,,W","2.3","1,W","","","0.0","1,W","8",",W","6",",W","0",",W","","","","","0","1,W","0","1,W","0","1,W","0","1,W","0","1,W","15","","2","","20181230","+,1,W","","","","","","","20181216",",,W","20181215",",1,W","2.2","1,W,30,+","","","","","11.9",",,W,16,","18.9","1,W,15,","","","217.6","1,W","38.8",",,,W","74","2,,,W","53","2,,,W","92","2,,,W","","","11.08","1,W","15.54","1,,,W","6.61","1,,,W","","","320",",W","350","2,W","11.2",",W","15.7","2,W"
"USW00023293","2019-01","37.35938","-121.92444","15.0","SAN JOSE, CA US","6.65",",,,W","1018.5",",,,W","1016.7",",,,W","9.28",",,,W","2.7",",W","0.0","W","0.0",",W","13",",W","7",",W","1",",W","","","","","0",",W","0",",W","0",",W","0",",W","0",",W","14","","1","","20190102",",,W","","","","","","","20190116",",,W","20190119",",,W","0.6",",W,02,","","","","","25.9",",,W,16,","20.6",",W,19,","","","203.9",",W","73.4",",,,W","73",",,,W","54",",,,W","89",",,,W","","","11.76",",W","16.47",",,,W","7.04",",,,W","","","150",",W","150","1,W","14.3",",W","19.7","1,W"
"USW00023293","2019-02","37.35938","-121.92444","15.0","SAN JOSE, CA US","4.80",",,,W","1014.9",",,,W","1013.0",",,,W","7.42",",,,W","4.0",",W","0.0","W","0.0",",W","16",",W","12",",W","0",",W","","","","","0",",W","0",",W","0",",W","0",",W","0",",W","15","","","","20190223","+,,W","","","","","1","","20190214",",,W","20190227",",,W","0.6",",W,23,+","","","","","25.1",",,W,14,","17.8",",W,27,","","","247.8",",W","142.4",",,,W","74",",,,W","51",",,,W","94",",,,W","","","9.48",",W","13.70",",,,W","5.27",",,,W","","","150",",W","150",",W","14.3",",W","19.2",",W"
"USW00023293","2019-03","37.35938","-121.92444","15.0","SAN JOSE, CA US","6.82",",,,W","1017.8",",,,W","1015.9",",,,W","9.71",",,,W","3.2",",W","0.0","W","0.0",",W","16",",W","8",",W","0",",W","","","","","0",",W","0",",W","0",",W","5",",W","0",",W","13","","","","20190315","+,,W","","","","","1","","20190302",",,W","20190318",",,W","3.9",",W,15,+","","","","","14.5",",,W,02,","25.6",",W,18,","","","178.3",",W","71.4",",,,W","71",",,,W","47",",,,W","90",",,,W","","","12.58",",W","17.83",",,,W","7.34",",,,W","","","140",",W","300",",W","13.0",",W","16.5",",W"
"USW00023293","2019-04","37.35938","-121.92444","15.0","SAN JOSE, CA US","10.27",",,,W","1016.5",",,,W","1014.6",",,,W","12.74",",,,W","3.4",",W","9.5","W","9.5",",W","5",",W","0",",W","0",",W","","","","","0",",W","0",",W","0",",W","17",",W","0",",W","2","","","","20190421","+,,W","","","","","","","20190402",",,W","20190424",",,W","8.3",",W,21,+","","","","","1.3",",,W,02,","31.7",",W,24,","","","69.0",",W","5.1",",,,W","71",",,,W","48",",,,W","91",",,,W","","","16.35",",W","22.17",",,,W","10.53",",,,W","","","330",",W","330",",W","12.5",",W","15.2",",W"
"USW00023293","2019-05","37.35938","-121.92444","15.0","SAN JOSE, CA US","10.89",",,,W","1013.4",",,,W","1011.6",",,,W","12.88",",,,W","3.4",",W","10.6","W","1.1",",W","9",",W","5",",W","0",",W","","","","","0",",W","0",",W","0",",W","18",",W","0",",W","7","","","","20190518",",,W","","","","","3","","20190519",",,W","20190531",",,W","7.2",",W,18,","","","","","11.9",",,W,19,","25.6",",W,31,","","","66.0",",W","36.6",",,,W","75",",,,W","54",",,,W","94",",,,W","","","16.24",",W","21.06",",,,W","11.42",",,,W","","","290",",W","290",",W","11.2",",W","14.3",",W"
"USW00023293","2019-06","37.35938","-121.92444","15.0","SAN JOSE, CA US","12.45",",,,W","1013.5",",,,W","1011.6",",,,W","15.74",",,,W","3.4",",W","78.5","W","67.9","1,W","0",",W","0",",W","0",",W","","","","","0","1,W","0","1,W","0",",W","30",",W","4",",W","1","","","","20190607",",1,W","","","","","","","20190630","+,,W","20190610",",,W","10.6","1,W,07,","","","","","0.0",",,W,30,+","37.8",",W,10,","","","2.5",",W","0.0",",,,W","64",",,,W","43",",,,W","88",",,,W","","","20.72","1,W","27.48",",,,W","13.96","1,,,W","","","330",",W","340",",W","10.7",",W","13.0",",W"
"USW00023293","2019-07","37.35938","-121.92444","15.0","SAN JOSE, CA US","14.04",",,,W","1014.4","1,,,W","1012.7","1,,,W","16.49",",,,W","3.4",",W","160.5","W","82.0",",W","0",",W","0",",W","0",",W","","","","","0",",W","0",",W","0",",W","31",",W","1",",W","1","","","","20190706",",,W","","","","","","","20190731","+,,W","20190724",",,W","12.2",",W,06,","","","","","0.0",",,W,31,+","33.3",",W,24,","0.6","W","0.6",",W","0.0",",,,W","70",",,,W","43",",,,W","95",",,,W","","","20.96",",W","27.37",",,,W","14.54",",,,W","","","340",",W","340",",W","9.8",",W","12.1",",W"
"USW00023293","2019-08","37.35938","-121.92444","15.0","SAN JOSE, CA US","15.20",",,,W","1013.5",",,,W","1011.7",",,,W","17.69",",,,W","3.3",",W","293.4","W","132.9",",W","0",",W","0",",W","0",",W","","","","","0",",W","0",",W","0",",W","31",",W","7",",W","","","","","20190802","+,,W","","","","","","","20190831","+,,W","20190815",",,W","13.3",",W,02,+","","","","","0.0",",,W,31,+","37.2",",W,15,","0.6","W","0.0",",W","0.0",",,,W","69",",,,W","41",",,,W","95",",,,W","","","22.62",",W","29.13",",,,W","16.12",",,,W","","","330",",W","340",",W","10.7",",W","12.5",",W"
"USW00023293","2019-09","37.35938","-121.92444","15.0","SAN JOSE, CA US","12.26",",,,W","1013.7",",,,W","1011.8",",,,W","15.66",",,,W","3.3",",W","378.1","W","84.7",",W","1",",W","1",",W","0",",W","","","","","0",",W","0",",W","0",",W","28",",W","4",",W","1","","","","20190929",",,W","","","","","","","20190916",",,W","20190925",",,W","8.3",",W,29,","","","","","3.3",",,W,16,","37.2",",W,25,","10.0","W","9.4",",W","3.3",",,,W","62",",,,W","40",",,,W","84",",,,W","","","20.84",",W","27.28",",,,W","14.41",",,,W","","","290",",W","200","1,W","11.2",",W","14.8","1,W"
"USW00023293","2019-10","37.35938","-121.92444","15.0","SAN JOSE, CA US","5.97",",,,W","1015.5",",,,W","1014.0",",,,W","11.59",",,,W","2.3",",W","404.2","W","26.1",",W","1",",W","0",",W","0",",W","","","","","0",",W","0",",W","0",",W","31",",W","1",",W","3","","","","20191031","+,,W","","","","","","","20191017",",,W","20191024",",,W","5.6",",W,31,+","","","","","0.3",",,W,17,","32.2",",W,24,","59.7","W","49.7",",W","0.3",",,,W","52",",,,W","27",",,,W","78",",,,W","","","17.57",",W","25.35",",,,W","9.79",",,,W","","","330",",W","340",",W","12.5",",W","17.9",",W"
"USW00023293","2019-11","37.35938","-121.92444","15.0","SAN JOSE, CA US","6.44",",,,W","1015.4",",,,W","1013.8",",,,W","9.87",",,,W","2.1",",W","404.2","W","0.0",",W","5",",W","2",",W","0",",W","0",",W","0","3,W","0",",W","0",",W","0",",W","11",",W","0",",W","8","","","","20191129","+,,W","20191130","+,,W","20191130","+,3,W","2","","20191126",",,W","20191111","+,,W","2.2",",W,29,+","0",",,W,30,+","0","3,,W,30,+","11.4",",,W,26,","25.6",",W,11,+","198.0","W","138.3",",W","25.2",",,,W","67",",,,W","43",",,,W","85",",,,W","0","3,,,W","13.72",",W","19.70",",,,W","7.74",",,,W","","","140",",W","150","1,W","17.0",",W","21.0","1,W"
"USW00023293","2019-12","37.35938","-121.92444","15.0","SAN JOSE, CA US","7.29",",,,W","1017.9",",,,W","1016.1",",,,W","9.56",",,,W","3.0",",W","404.2","W","0.0",",W","15",",W","6",",W","0",",W","","","","","0",",W","0",",W","0",",W","1",",W","0",",W","18","","3","","20191228","+,,W","","","","","","","20191204",",,W","20191212",",,W","1.1",",W,28,+","","","","","11.7",",,W,04,","21.1",",W,12,","400.3","W","202.3",",W","51.5",",,,W","75",",,,W","53",",,,W","91",",,,W","","","11.81",",W","15.60",",,,W","8.01",",,,W","","","140",",W","130","1,W","14.8",",W","19.7","1,W"
"USW00023293","2020-01","37.35938","-121.92444","15.0","SAN JOSE, CA US","6.48","1,,,W","1023.1","1,,,W","1021.3","1,,,W","8.50","1,,,W","2.1",",W","0.0","W","0.0","1,W","8",",W","2",",W","0",",W","","","","","0","1,W","0","1,W","0",",W","0",",W","0",",W","15","","2","","20200115",",1,W","","","","","","","20200116",",,W","20200131",",,W","1.7","1,W,15,","","","","","12.4",",,W,16,","20.6",",W,31,","633.8","W","233.5",",W","20.5",",,,W","77",",,,W","58",",,,W","92",",,,W","","","10.57","1,W","15.39",",,,W","5.75","1,,,W","","","120",",W","120","1,W","14.8",",W","19.7","1,W"
"USW00023293","2020-02","37.35938","-121.92444","15.0","SAN JOSE, CA US","3.45",",,,W","1020.4",",,,W","1018.6",",,,W","8.35",",,,W","2.5",",W","0.0","W","0.0",",W","0",",W","0",",W","0",",W","","","","","0",",W","0",",W","0",",W","9",",W","0",",W","5","","1","","20200204",",,W","","","","","","","20200229","+,,W","20200227",",,W","1.7",",W,04,","","","","","0.0",",,W,29,+","26.1",",W,27,","793.3","W","159.5",",W","0.0",",,,W","58",",,,W","35",",,,W","81",",,,W","","","12.83",",W","19.33",",,,W","6.34",",,,W","","","310",",W","20","1,W","14.3",",W","20.6","1,W"
"USW00023293","2020-03","37.35938","-121.92444","15.0","SAN JOSE, CA US","5.82",",,,W","1017.2",",,,W","1015.3",",,,W","9.19",",,,W","2.7",",W","0.0","W","0.0",",W","11",",W","5",",W","0",",W","","","","","0",",W","0",",W","0",",W","5",",W","0",",W","7","","","","20200326","+,,W","","","","","2","","20200314",",,W","20200304",",,W","2.8",",W,26,+","","","","","14.7",",,W,14,","25.6",",W,04,","968.9","W","175.6",",W","52.4",",,,W","67",",,,W","46",",,,W","84",",,,W","","","12.67",",W","17.55",",,,W","7.78",",,,W","","","200",",W","200","2,W","13.0",",W","16.1","2,W"
"USW00023293","2020-04","37.35938","-121.92444","15.0","SAN JOSE, CA US","7.62",",,,W","1017.3",",,,W","1015.5",",,,W","11.10",",,,W","3.1",",W","8.6","W","8.6",",W","3",",W","3",",W","0",",W","","","","","0",",W","0",",W","0",",W","13",",W","0",",W","4","","","","20200407",",,W","","","","","","","20200405",",,W","20200425",",,W","3.3",",W,07,","","","","","19.6",",,W,05,","29.4",",W,25,","1061.9","W","93.0",",W","30.5",",,,W","65",",,,W","44",",,,W","84",",,,W","","","15.52",",W","21.15",",,,W","9.89",",,,W","","","330",",W","360",",W","10.7",",W","13.4",",W"
"USW00023293","2020-05","37.35938","-121.92444","15.0","SAN JOSE, CA US","8.74",",,,W","1015.3",",,,W","1013.4",",,,W","13.20",",,,W","3.6",",W","52.3","W","43.7",",W","3",",W","0",",W","0",",W","","","","","0",",W","0",",W","0",",W","30",",W","4",",W","2","","","","20200504",",,W","","","","","1","","20200518",",,W","20200526",",,W","7.2",",W,04,","","","","","1.5",",,W,18,","36.1",",W,26,","1082.1","W","20.2",",W","3.3",",,,W","56",",,,W","34",",,,W","80",",,,W","","","19.09",",W","25.82",",,,W","12.36",",,,W","","","200",",W","200",",W","13.4",",W","18.3",",W"
"USW00023293","2020-06","37.35938","-121.92444","15.0","SAN JOSE, CA US","10.02",",,,W","1013.8",",,,W","1012.0",",,,W","14.59",",,,W","3.9",",W","142.0","W","89.7",",W","0",",W","0",",W","0",",W","","","","","0",",W","0",",W","0",",W","30",",W","5",",W","","","","","20200608",",,W","","","","","","","20200612","+,,W","20200603",",,W","11.1",",W,08,","","","","","0.0",",T,W,12,+","36.1",",W,03,","1084.6","W","2.5",",W","0.0",",T,,W","55",",,,W","33",",,,W","77",",,,W","","","21.24",",W","28.24",",,,W","14.24",",,,W","","","320",",W","340",",W","10.7",",W","13.9",",W"
"USW00023293","2020-07","37.35938","-121.92444","15.0","SAN JOSE, CA US","11.67",",,,W","1013.2",",,,W","1011.4",",,,W","15.17",",,,W","3.5",",W","222.4","W","80.4",",W","0",",W","0",",W","0",",W","","","","","0",",W","0",",W","0",",W","31",",W","2",",W","","","","","20200707",",,W","","","","","","","20200731","+,,W","20200711",",,W","12.2",",W,07,","","","","","0.0",",,W,31,+","32.8",",W,11,","0.0","W","0.0",",W","0.0",",,,W","61",",,,W","39",",,,W","82",",,,W","","","20.93",",W","27.48",",,,W","14.37",",,,W","","","150",",W","160",",W","9.4",",W","11.6",",W"
"USW00023293","2020-08","37.35938","-121.92444","15.0","SAN JOSE, CA US","13.32",",,,W","1012.2",",,,W","1010.4",",,,W","16.84",",,,W","2.9",",W","373.1","W","150.7",",W","1",",W","0",",W","0",",W","","","","","0",",W","0",",W","0",",W","31",",W","8",",W","1","","","","20200830","+,,W","","","","","1","","20200816",",,W","20200814",",,W","12.8",",W,30,+","","","","","0.3",",,W,16,","39.4",",W,14,","0.0","W","0.0",",W","0.3",",,,W","60",",,,W","38",",,,W","81",",,,W","","","23.19",",W","29.66",",,,W","16.72",",,,W","","","340",",W","360",",W","11.2",",W","13.4",",W"
"USW00023293","2020-09","37.35938","-121.92444","15.0","SAN JOSE, CA US","12.71",",,,W","1014.4",",,,W","1012.5",",,,W","16.17",",,,W","2.4",",W","489.6","W","116.5",",W","0",",W","0",",W","0",",W","","","","","0",",W","0",",W","0",",W","28",",W","6",",W","8","","","","20200925",",,W","","","","","","","20200930","+,,W","20200906",",,W","13.3",",W,25,","","","","","0.0",",,W,30,+","40.6",",W,06,","1.6","W","1.6",",W","0.0",",,,W","62",",,,W","39",",,,W","82",",,,W","","","22.16",",W","28.34",",,,W","15.99",",,,W","","","340",",W","330",",W","10.3",",W","12.1",",W"
"USW00023293","2020-10","37.35938","-121.92444","15.0","SAN JOSE, CA US","8.01",",,,W","1015.2",",,,W","1013.3",",,,W","13.48",",,,W","2.0",",W","572.9","W","83.3",",W","0",",W","0",",W","0",",W","","","","","0",",W","0",",W","0",",W","30",",W","7",",W","3","","","","20201031","+,,W","","","","","","","20201031","+,,W","20201017","+,,W","8.3",",W,31,+","","","","","0.0",",,W,31,+","35.0",",W,17,+","14.1","W","12.5",",W","0.0",",,,W","53",",,,W","27",",,,W","76",",,,W","","","20.62",",W","28.01",",,,W","13.22",",,,W","","","360",",W","360",",W","10.7",",W","13.9",",W"
"USW00023293","2020-11","37.35938","-121.92444","15.0","SAN JOSE, CA US","4.43",",,,W","1019.5",",,,W","1017.6",",,,W","8.50",",,,W","2.1",",W","573.5","W","0.6",",W","6",",W","0",",W","0",",W","","","","","0",",W","0",",W","0",",W","6",",W","0",",W","12","","2","","20201128",",,W","","","","","1","","20201118",",,W","20201102",",,W","0.6",",W,28,","","","","","1.3",",,W,18,","26.7",",W,02,","189.9","W","175.8",",W","3.4",",,,W","63",",,,W","34",",,,W","85",",,,W","","","12.49",",W","19.16",",,,W","5.82",",,,W","","","200",",W","210",",W","13.9",",W","20.1",",W"
"USW00023293","2020-12","37.35938","-121.92444","15.0","SAN JOSE, CA US","3.38",",,,W","1021.8",",,,W","1020.0",",,,W","7.21",",,,W","1.9",",W","573.5","W","0.0",",W","7",",W","3",",W","0",",W","","","","","0",",W","0",",W","0",",W","2",",W","0",",W","16","","1","","20201230",",,W","","","","","","","20201213",",,W","20201208","+,,W","0.6",",W,30,","","","","","8.4",",,W,13,","23.3",",W,08,+","428.5","W","238.6",",W","21.4",",,,W","65",",,,W","41",",,,W","85",",,,W","","","10.64",",W","16.78",",,,W","4.49",",,,W","","","340",",W","340",",W","10.7",",W","13.4",",W"
"USW00023293","2021-01","37.35938","-121.92444","15.0","SAN JOSE, CA US","4.07",",,,W","1019.2","1,,,W","1017.3","1,,,W","7.88",",,,W","2.6",",W","0.0","W","0.0",",W","7",",W","6",",W","1",",W","","","","","0",",W","1",",W","0",",W","5",",W","0",",W","18","","1","","20210126",",,W","","","","","","","20210128",",,W","20210118","+,,W","0.0",",W,26,","","","","","33.3",",,W,28,","25.6",",W,18,+","647.1","W","218.6",",W","71.9",",,,W","67",",,,W","45",",,,W","85",",,,W","","","11.28",",W","16.65",",,,W","5.91",",,,W","","","140",",W","140",",W","17.9",",W","22.8",",W"
"USW00023293","2021-02","37.35938","-121.92444","15.0","SAN JOSE, CA US","3.55",",,,W","1021.2","1,,,W","1019.3","1,,,W","8.08",",,,W","2.8",",W","0.0","W","0.0",",W","5",",W","1",",W","0",",W","","","","","0",",W","0",",W","0",",W","5",",W","0",",W","7","","1","","20210218",",,W","","","","","","","20210211",",,W","20210223",",,W","2.8",",W,18,","","","","","4.3",",,W,11,","26.1",",W,23,","820.7","W","173.6",",W","8.2",",,,W","61",",,,W","36",",,,W","83",",,,W","","","12.13",",W","18.08",",,,W","6.19",",,,W","","","340",",W","330",",W","11.6",",W","14.3",",W"
"USW00023293","2021-03","37.35938","-121.92444","15.0","SAN JOSE, CA US","2.78",",,,W","1019.2",",,,W","1017.4",",,,W","7.75",",,,W","3.2",",W","0.0","W","0.0",",W","7",",W","4",",W","0",",W","","","","","0",",W","0",",W","0",",W","8",",W","0",",W","5","","","","20210316",",,W","","","","","2","","20210310",",,W","20210331",",,W","2.8",",W,16,","","","","","13.5",",,W,10,","28.3",",W,31,","1012.6","W","191.9",",W","29.3",",,,W","58",",,,W","35",",,,W","80",",,,W","","","12.14",",W","18.26",",,,W","6.03",",,,W","","","300",",W","10","1,W","13.0",",W","17.9","1,W"
"USW00023293","2021-04","37.35938","-121.92444","15.0","SAN JOSE, CA US","5.73",",,,W","1016.9",",,,W","1015.0",",,,W","9.82",",,,W","3.3",",W","1.1","W","1.1",",W","1",",W","0",",W","0",",W","","","","","0",",W","0",",W","0",",W","11",",W","0",",W","","","","","20210427","+,,W","","","","","","","20210425",",,W","20210401",",,W","5.0",",W,27,+","","","","","1.3",",,W,25,","29.4",",W,01,","1127.1","W","114.5",",W","1.3",",,,W","61",",,,W","39",",,,W","79",",,,W","","","14.55",",W","20.68",",,,W","8.42",",,,W","","","330",",W","340",",W","10.7",",W","13.0",",W"
"USW00023293","2021-05","37.35938","-121.92444","15.0","SAN JOSE, CA US","7.90",",,,W","1015.6",",,,W","1013.7",",,,W","11.90",",,,W","3.5",",W","17.7","W","16.6",",W","0",",W","0",",W","0",",W","","","","","0",",W","0",",W","0",",W","24",",W","0",",W","","","","","20210521","+,,W","","","","","","","20210531","+,,W","20210531","+,,W","8.9",",W,21,+","","","","","0.0",",,W,31,+","29.4",",W,31,+","1175.9","W","48.8",",W","0.0",",,,W","59",",,,W","37",",,,W","79",",,,W","","","17.29",",W","23.68",",,,W","10.90",",,,W","","","340",",W","320",",W","11.2",",W","13.9",",W"
"USW00023293","2021-06","37.35938","-121.92444","15.0","SAN JOSE, CA US","10.93",",,,W","1013.4",",,,W","1011.5",",,,W","14.42",",,,W","3.6",",W","69.4","W","51.7",",W","0",",W","0",",W","0",",W","","","","","0",",W","0",",W","0",",W","28",",W","2",",W","","","","","20210610",",,W","","","","","","","20210630","+,,W","20210617",",,W","9.4",",W,10,","","","","","0.0",",,W,30,+","35.0",",W,17,","1189.0","W","13.1",",W","0.0",",,,W","62",",,,W","42",",,,W","81",",,,W","","","19.62",",W","25.49",",,,W","13.75",",,,W","","","340",",W","330","2,W","10.7",",W","14.8","2,W"
"USW00023293","2021-07","37.35938","-121.92444","15.0","SAN JOSE, CA US","12.47",",,,W","1013.8",",,,W","1012.0",",,,W","15.44",",,,W","3.2",",W","133.4","W","64.0",",W","0",",W","0",",W","0",",W","","","","","0",",W","0",",W","0",",W","31",",W","0",",W","","","","","20210716",",,W","","","","","","","20210731","+,,W","20210709","+,,W","11.7",",W,16,","","","","","0.0",",,W,31,+","30.0",",W,09,+","1.4","W","1.4",",W","0.0",",,,W","66",",,,W","45",",,,W","84",",,,W","","","20.35",",W","26.38",",,,W","14.33",",,,W","","","330",",W","340","1,W","8.9",",W","10.7","1,W"
"USW00023293","2021-08","37.35938","-121.92444","15.0","SAN JOSE, CA US","12.86",",,,W","1012.1",",,,W","1010.3",",,,W","15.91",",,,W","3.1",",W","226.6","W","93.2",",W","0",",W","0",",W","0",",W","","","","","0",",W","0",",W","0",",W","31",",W","2",",W","4","","","","20210823",",,W","","","","","","","20210831","+,,W","20210828",",,W","12.8",",W,23,","","","","","0.0",",,W,31,+","35.6",",W,28,","1.4","W","0.0",",W","0.0",",,,W","65",",,,W","40",",,,W","84",",,,W","","","21.34",",W","27.61",",,,W","15.07",",,,W","","","160",",W","160",",W","9.4",",W","11.2",",W"
"USW00023293","2021-09","37.35938","-121.92444","15.0","SAN JOSE, CA US","11.21",",,,W","1014.1",",,,W","1012.2",",,,W","15.04",",,,W","2.8",",W","311.3","W","84.7",",W","0",",W","0",",W","0",",W","","","","","0",",W","0",",W","0",",W","30",",W","3",",W","2","","","","20210929",",,W","","","","","","","20210930","+,,W","20210906",",,W","10.6",",W,29,","","","","","0.0",",,W,30,+","33.9",",W,06,","1.4","W","0.0",",W","0.0",",,,W","60",",,,W","34",",,,W","81",",,,W","","","21.16",",W","28.00",",,,W","14.31",",,,W","","","340",",W","330",",W","10.7",",W","13.0",",W"
"USW00023293","2021-10","37.35938","-121.92444","15.0","SAN JOSE, CA US","7.95",",,,W","1016.0",",,,W","1014.1",",,,W","12.43",",,,W","2.9",",W","337.8","W","26.5",",W","4",",W","3",",W","1",",W","","","","","0",",W","0",",W","0",",W","21",",W","1",",W","4","","","","20211013",",,W","","","","","","","20211024",",,W","20211003",",,W","6.1",",W,13,","","","","","36.1",",,W,24,","32.8",",W,03,","50.1","W","48.7",",W","55.0",",,,W","59",",,,W","37",",,,W","80",",,,W","","","17.62",",W","23.69",",,,W","11.54",",,,W","","","170",",W","200",",W","13.0",",W","17.9",",W"
"USW00023293","2021-11","37.35938","-121.92444","15.0","SAN JOSE, CA US","8.50",",,,W","1020.9",",,,W","1019.0",",,,W","11.39",",,,W","1.9",",W","337.8","W","0.0",",W","4",",W","0",",W","0",",W","","","","","0",",W","0",",W","0",",W","12",",W","0",",W","13","","3","","20211125",",,W","","","","","","","20211101",",,W","20211103",",,W","3.3",",W,25,","","","","","1.5",",,W,01,","25.0",",W,03,","157.9","W","107.8",",W","3.3",",,,W","70",",,,W","45",",,,W","88",",,,W","","","14.74",",W","20.81",",,,W","8.67",",,,W","","","130",",W","150","1,W","11.6",",W","15.7","1,W"
"USW00023293","2021-12","37.35938","-121.92444","15.0","SAN JOSE, CA US","6.35",",,,W","1016.6",",,,W","1014.8",",,,W","8.26",",,,W","2.6",",W","337.8","W","0.0",",W","13",",W","9",",W","1",",W","","","","","0",",W","1",",W","0",",W","2",",W","0",",W","22","","1","","20211219",",,W","","","","","","","20211213",",,W","20211201",",,W","0.0",",W,19,","","","","","56.6",",,W,13,","23.9",",W,01,","414.4","W","256.5",",W","110.5",",,,W","79",",,,W","61",",,,W","91",",,,W","","","10.06",",W","14.21",",,,W","5.91",",,,W","","","120",",W","130",",W","13.0",",W","17.4",",W"
"USW00023293","2022-01","37.35938","-121.92444","15.0","SAN JOSE, CA US","5.53",",,,W","1022.4",",,,W","1020.6",",,,W","8.27",",,,W","1.5",",W","0.0","W","0.0",",W","0",",W","0",",W","0",",W","","","","","0",",W","1",",W","0",",W","0",",W","0",",W","15","","4","","20220102",",,W","","","","","","","20220115","+,,W","20220128","+,,W","0.0",",W,02,","","","","","0.0",",T,W,15,+","20.0",",W,28,+","630.3","W","215.9",",W","0.0",",T,,W","72",",,,W","48",",,,W","89",",,,W","","","11.37",",W","17.45",",,,W","5.29",",,,W","","","350",",W","10",",W","9.8",",W","13.9",",W"
"USW00023293","2022-02","37.35938","-121.92444","15.0","SAN JOSE, CA US","2.24",",,,W","1021.8",",,,W","1020.0",",,,W","7.42",",,,W","2.2",",W","0.0","W","0.0",",W","1",",W","0",",W","0",",W","","","","","0",",W","0",",W","0",",W","11",",W","0",",W","4","","1","","20220224",",,W","","","","","","","20220222",",,W","20220212",",,W","0.6",",W,24,","","","","","0.3",",,W,22,","27.2",",W,12,","804.5","W","174.2",",W","0.3",",,,W","55",",,,W","30",",,,W","79",",,,W","","","12.11",",W","19.80",",,,W","4.43",",,,W","","","350",",W","10",",W","11.2",",W","14.3",",W"
"USW00023293","2022-03","37.35938","-121.92444","15.0","SAN JOSE, CA US","5.48",",,,W","1019.2",",,,W","1017.2",",,,W","9.57",",,,W","2.9",",W","0.8","W","0.8",",W","4",",W","1",",W","0",",W","","","","","0",",W","0",",W","0",",W","16",",W","0",",W","4","","1","","20220307","+,,W","","","","","","","20220328",",,W","20220322",",,W","3.3",",W,07,+","","","","","4.6",",,W,28,","28.9",",W,22,","942.3","W","137.8",",W","8.9",",,,W","63",",,,W","36",",,,W","83",",,,W","","","13.91",",W","20.32",",,,W","7.51",",,,W","","","300",",W","310",",W","11.6",",W","17.0",",W"
"USW00023293","2022-04","37.35938","-121.92444","15.0","SAN JOSE, CA US","5.87",",,,W","1017.9",",,,W","1016.0",",,,W","10.29",",,,W","3.6",",W","8.0","W","7.2",",W","6",",W","1",",W","0",",W","","","","","0",",W","0",",W","0",",W","17",",W","1",",W","3","","","","20220417",",,W","","","","","","","20220416",",,W","20220407",",,W","4.4",",W,17,","","","","","2.8",",,W,16,","34.4",",W,07,","1038.8","W","96.5",",W","7.5",",,,W","58",",,,W","33",",,,W","81",",,,W","","","15.36",",W","22.00",",,,W","8.71",",,,W","","","310",",W","310",",W","13.9",",W","18.8",",W"
"USW00023293","2022-05","37.35938","-121.92444","15.0","SAN JOSE, CA US","7.15","1,,,W","1016.2","1,,,W","1014.4","1,,,W","11.84","1,,,W","4.0","1,W","32.3","W","24.3","1,W","0","1,W","0","1,W","0","1,W","","","","","0","1,W","0","1,W","0","1,W","24","1,W","2","1,W","","","","","20220510",",1,W","","","","","","","20220509",",1,W","20220525","+,1,W","5.0","1,W,10,","","","","","0.0","1,T,W,09,","33.9","1,W,25,+","1083.6","W","44.8","1,W","0.0","1,T,,W","56","1,,,W","31","1,,,W","79","1,,,W","","","17.65","1,W","24.55","1,,,W","10.76","1,,,W","","","350","1,W","20","1,W","11.2","1,W","16.1","1,W"
"USW00023293","2022-06","37.35938","-121.92444","15.0","SAN JOSE, CA US","10.53",",,,W","1014.0",",,,W","1012.1",",,,W","14.88",",,,W","3.8",",W","122.5","W","90.2",",W","1",",W","0",",W","0",",W","","","","","0",",W","0",",W","0",",W","30",",W","6",",W","3","","","","20220619","+,,W","","","","","","","20220605",",,W","20220621",",,W","11.1",",W,19,+","","","","","0.3",",,W,05,","38.9",",W,21,","1086.4","W","2.8",",W","0.3",",,,W","57",",,,W","32",",,,W","81",",,,W","","","21.25",",W","28.08",",,,W","14.41",",,,W","","","350",",W","340",",W","11.6",",W","16.5",",W"
"USW00023293","2022-07","37.35938","-121.92444","15.0","SAN JOSE, CA US","12.75",",,,W","1014.5",",,,W","1012.7",",,,W","15.69",",,,W","3.6",",W","199.3","W","76.8",",W","0",",W","0",",W","0",",W","","","","","0",",W","0",",W","0",",W","31",",W","1",",W","","","","","20220724",",,W","","","","","","","20220711",",,W","20220710",",,W","11.7",",W,24,","","","","","0.0",",T,W,11,","32.8",",W,10,","0.8","W","0.8",",W","0.0",",T,,W","65",",,,W","45",",,,W","83",",,,W","","","20.79",",W","26.67",",,,W","14.90",",,,W","","","340",",W","350",",W","10.3",",W","14.3",",W"
"USW00023293","2022-08","37.35938","-121.92444","15.0","SAN JOSE, CA US","13.54",",,,W","1013.5",",,,W","1011.8",",,,W","16.68",",,,W","3.3",",W","319.9","W","120.6",",W","0",",W","0",",W","0",",W","","","","","0",",W","0",",W","0",",W","31",",W","2",",W","1","","","","20220814",",,W","","","","","","","20220801",",,W","20220816",",,W","12.8",",W,14,","","","","","0.0",",T,W,01,","36.1",",W,16,","0.8","W","0.0",",W","0.0",",T,,W","64",",,,W","39",",,,W","84",",,,W","","","22.22",",W","28.71",",,,W","15.74",",,,W","","","330",",W","360",",W","9.8",",W","13.9",",W"
"USW00023293","2022-09","37.35938","-121.92444","15.0","SAN JOSE, CA US","12.61",",,,W","1012.2",",,,W","1010.4",",,,W","16.35",",,,W","2.9",",W","450.7","W","130.8",",W","1",",W","1",",W","0",",W","","","","","0",",W","0",",W","0",",W","30",",W","8",",W","2","","","","20220917",",,W","","","","","","","20220918",",,W","20220906",",,W","12.2",",W,17,","","","","","13.0",",,W,18,","42.8",",W,06,","1.1","W","0.3",",W","13.0",",,,W","60",",,,W","34",",,,W","81",",,,W","","","22.69",",W","29.13",",,,W","16.24",",,,W","","","150",",W","160",",W","13.9",",W","17.9",",W"
"USW00023293","2022-10","37.35938","-121.92444","15.0","SAN JOSE, CA US","10.22",",,,W","1015.7",",,,W","1014.4",",,,W","13.67",",,,W","2.2",",W","473.8","W","23.1",",W","0",",W","0",",W","0",",W","","","","","0",",W","0",",W","0",",W","29",",W","1",",W","11","","","","20221029","+,,W","","","","","","","20221031","+,,W","20221019",",,W","7.2",",W,29,+","","","","","0.0",",,W,31,+","32.2",",W,19,","32.5","W","31.4",",W","0.0",",,,W","64",",,,W","37",",,,W","84",",,,W","","","18.07",",W","23.83",",,,W","12.31",",,,W","","","320",",W","350",",W","10.3",",W","14.3",",W"
"USW00023293","2022-11","37.35938","-121.92444","15.0","SAN JOSE, CA US","3.63",",,,W","1019.7",",,,W","1018.0",",,,W","7.93",",,,W","2.0",",W","473.8","W","0.0",",W","6",",W","2",",W","1",",W","","","","","0",",W","0",",W","0",",W","4",",W","0",",W","6","","","","20221130",",,W","","","","","","","20221108",",,W","20221124",",,W","2.2",",W,30,","","","","","31.2",",,W,08,","22.8",",W,24,","223.0","W","190.5",",W","43.5",",,,W","61",",,,W","35",",,,W","82",",,,W","","","11.98",",W","18.14",",,,W","5.82",",,,W","","","320",",W","310",",W","10.3",",W","13.4",",W"
"USW00023293","2022-12","37.35938","-121.92444","15.0","SAN JOSE, CA US","5.75","1,,,W","1018.8","1,,,W","1017.0","1,,,W","7.89","1,,,W","2.3",",W","473.8","W","0.0","2,W","11",",Z","9",",Z","2",",Z","","","","","0","1,W","0","1,W","0","1,W","0","1,W","0","1,W","23","","","","20221218",",1,W","","","","","","","20221231",",,Z","20221225",",1,W","1.1","1,W,18,","","","","","29.0",",,Z,31,","18.3","1,W,25,","464.1","W","241.1","1,W","119.5",",,,Z","76","1,,,W","57","1,,,W","88","1,,,W","","","10.15","2,W","14.66","1,,,W","5.64","1,,,W","","","320",",W","130",",W","13.0",",W","17.0",",W"
"USW00023293","2023-01","37.35938","-121.92444","15.0","SAN JOSE, CA US","4.27",",,,W","1017.1",",,,W","1015.3",",,,W","7.94",",,,W","3.6",",W","0.0","W","0.0",",W","13",",W","9",",W","0",",W","","","","","0",",W","0",",W","0",",W","0",",W","0",",W","12","","","","20230121",",,W","","","","","1","","20230109",",,W","20230125","+,,W","0.6",",W,21,","","","","","23.1",",,W,09,","20.0",",W,25,+","690.9","W","226.8",",W","140.2",",,,W","66",",,,W","48",",,,W","82",",,,W","","","11.02",",W","15.31",",,,W","6.72",",,,W","","","140",",W","200",",W","17.0",",W","25.9",",W"
"USW00023293","2023-02","37.35938","-121.92444","15.0","SAN JOSE, CA US","2.38",",,,W","1018.4",",,,W","1016.6",",,,W","6.37",",,,W","3.0","1,W","0.0","W","0.0",",W","11",",W","7",",W","0",",W","","","","","0",",W","0",",W","0",",W","0",",W","0",",W","8","","3","","20230218","+,,W","","","","","3","","20230224",",,W","20230220",",,W","0.6",",W,18,+","","","","","14.5",",,W,24,","20.6",",W,20,","933.0","W","242.1",",W","51.4",",,,W","64",",,,W","42",",,,W","82",",,,W","","","9.69",",W","15.14",",,,W","4.24",",,,W","","","300","1,W","310","1,W","18.3","1,W","27.3","1,W"
"USW00023293","2023-03","37.35938","-121.92444","15.0","SAN JOSE, CA US","5.03",",,,W","1016.5",",,,W","1014.7",",,,W","8.06",",,,W","3.7",",W","0.0","W","0.0",",W","15",",W","10",",W","0",",W","","","","","0",",W","0",",W","0",",W","1",",W","0",",W","11","","","","20230327",",,W","","","","","2","","20230321",",,W","20230318",",,W","2.2",",W,27,","","","","","21.1",",,W,21,","21.7",",W,18,","1159.3","W","226.3",",W","102.2",",,,W","69",",,,W","50",",,,W","84",",,,W","","","11.03",",W","15.65",",,,W","6.42",",,,W","","","140",",W","120",",W","15.7",",W","23.7",",W"
"USW00023293","2023-04","37.35938","-121.92444","15.0","SAN JOSE, CA US","6.62",",,,W","1018.3",",,,W","1016.4",",,,W","10.14",",,,W","3.3",",W","6.7","W","6.7",",W","3",",W","0",",W","0",",W","","","","","0",",W","0",",W","0",",W","11",",W","0",",W","2","","","","20230405","+,,W","","","","","","","20230418",",,W","20230427",",,W","4.4",",W,05,+","","","","","1.8",",,W,18,","31.1",",W,27,","1281.9","W","122.6",",W","2.8",",,,W","63",",,,W","41",",,,W","83",",,,W","","","14.47",",W","20.31",",,,W","8.63",",,,W","","","300",",W","310",",W","11.6",",W","16.1",",W"
"USW00023293","2023-05","37.35938","-121.92444","15.0","SAN JOSE, CA US","10.01",",,,W","1014.6",",,,W","1012.8",",,,W","12.60",",,,W","3.5",",W","17.8","W","11.1",",W","8",",W","2",",W","0",",W","","","","","0",",W","0",",W","0",",W","17",",W","0",",W","6","","","","20230510",",,W","","","","","","","20230505",",,W","20230513",",,W","8.3",",W,10,","","","","","3.8",",,W,05,","30.6",",W,13,","1346.4","W","64.5",",W","11.1",",,,W","70",",,,W","51",",,,W","87",",,,W","","","16.61",",W","21.51",",,,W","11.71",",,,W","","","150",",W","350",",W","10.3",",W","13.4",",W"
"USW00023293","2023-06","37.35938","-121.92444","15.0","SAN JOSE, CA US","11.25",",,,W","1014.1",",,,W","1012.3",",,,W","13.97",",,,W","3.6",",W","33.3","W","15.5",",W","1",",W","0",",W","0",",W","","","","","0",",W","0",",W","0",",W","28",",W","0",",W","1","","","","20230621",",,W","","","","","","","20230606",",,W","20230630",",,W","9.4",",W,21,","","","","","2.3",",,W,06,","31.1",",W,30,","1362.1","W","15.7",",W","2.3",",,,W","68",",,,W","51",",,,W","84",",,,W","","","18.33",",W","23.55",",,,W","13.10",",,,W","","","340",",W","220",",W","10.3",",W","15.7",",W"
"USW00023293","2023-07","37.35938","-121.92444","15.0","SAN JOSE, CA US","13.38",",,,W","1013.9",",,,W","1012.1",",,,W","16.21",",,,W","3.1",",W","125.4","W","92.1",",W","0",",W","0",",W","0",",W","","","","","0",",W","0",",W","0",",W","30",",W","4",",W","","","","","20230709","+,,W","","","","","","","20230731","+,,W","20230701",",,W","12.2",",W,09,+","","","","","0.0",",,W,31,+","34.4",",W,01,","4.2","W","4.2",",W","0.0",",,,W","66",",,,W","44",",,,W","86",",,,W","","","21.17",",W","27.79",",,,W","14.55",",,,W","","","320",",W","330",",W","8.9",",W","12.1",",W"
"USW00023293","2023-08","37.35938","-121.92444","15.0","SAN JOSE, CA US","14.51",",,,W","1013.4",",,,W","1011.5",",,,W","17.44",",,,W","3.1",",W","274.1","W","148.7",",W","0",",W","0",",W","0",",W","","","","","0",",W","0",",W","0",",W","31",",W","7",",W","","","","","20230829",",,W","","","","","","","20230822","+,,W","20230830","+,,W","13.3",",W,29,","","","","","0.0",",T,W,22,+","35.0",",W,30,+","4.2","W","0.0",",W","0.0",",T,,W","64",",,,W","41",",,,W","83",",,,W","","","23.13",",W","29.62",",,,W","16.65",",,,W","","","200",",W","210",",W","11.2",",W","17.4",",W"
"USW00023293","2023-09","37.35938","-121.92444","15.0","SAN JOSE, CA US","12.67",",,,W","1014.4",",,,W","1012.5",",,,W","15.58",",,,W","2.9",",W","349.4","W","75.3",",W","1",",W","0",",W","0",",W","","","","","0",",W","0",",W","0",",W","29",",W","0",",W","1","","","","20230928",",,W","","","","","","","20230930",",,W","20230908",",,W","11.7",",W,28,","","","","","2.0",",,W,30,","30.6",",W,08,","4.8","W","0.6",",W","2.0",",,,W","65",",,,W","43",",,,W","83",",,,W","","","20.82",",W","26.76",",,,W","14.88",",,,W","","","340",",W","340",",W","9.8",",W","12.5",",W"
"USW00023293","2023-10","37.35938","-121.92444","15.0","SAN JOSE, CA US","9.55",",,,W","1014.6",",,,W","1012.7",",,,W","14.02",",,,W","2.2",",W","424.4","W","75.0",",W","2",",W","0",",W","0",",W","","","","","0",",W","0",",W","0",",W","31",",W","6",",W","3","","","","20231030",",,W","","","","","","","20231022",",,W","20231006","+,,W","6.1",",W,30,","","","","","1.8",",,W,22,","35.0",",W,06,+","25.1","W","20.3",",W","2.8",",,,W","56",",,,W","32",",,,W","76",",,,W","","","20.10",",W","26.96",",,,W","13.23",",,,W","","","330",",W","340",",W","8.9",",W","13.4",",W"
"USW00023293","2023-11","37.35938","-121.92444","15.0","SAN JOSE, CA US","5.62","1,,,W","1018.1","1,,,W","1016.1","1,,,W","10.33","1,,,W","2.1","3,W","429.5","W","5.1",",W","5",",W","1",",W","0",",W","","","","","0",",W","0",",W","0",",W","21",",W","0",",W","2","","","","20231125",",,W","","","","","","","20231118",",,W","20231103",",,W","2.2",",W,25,","","","","","8.4",",,W,18,","27.8",",W,03,","113.3","W","88.2",",W","14.3",",,,W","57","1,,,W","32","1,,,W","76","1,,,W","","","15.56",",W","22.39",",,,W","8.74",",,,W","","","360","3,W","140","3,W","12.5","3,W","16.5","3,W"
"USW00023293","2023-12","37.35938","-121.92444","15.0","SAN JOSE, CA US","7.49",",,,W","1019.2",",,,W","1017.4",",,,W","10.15",",,,W","1.9",",W","429.5","W","0.0",",W","10",",W","6",",W","0",",W","","","","","0",",W","0",",W","0",",W","4",",W","0",",W","14","","","","20231210",",,W","","","","","","","20231220",",,W","20231228",",,W","2.8",",W,10,","","","","","18.8",",,W,20,","22.2",",W,28,","275.9","W","162.6",",W","70.2",",,,W","71",",,,W","51",",,,W","86",",,,W","","","13.09",",W","18.21",",,,W","7.97",",,,W","","","90",",W","90",",W","11.2",",W","14.8",",W"
"USW00023293","2024-01","37.35938","-121.92444","15.0","SAN JOSE, CA US","7.03",",,,W","1019.0",",,,W","1017.3",",,,W","9.77",",,,W","2.6",",W","0.0","W","0.0",",W","15",",W","10",",W","1",",W","","","","","0",",W","0",",W","0",",W","3",",W","0",",W","16","","1","","20240108",",,W","","","","","","","20240122",",,W","20240129",",,W","1.7",",W,08,","","","","","26.9",",,W,22,","23.3",",W,29,","455.8","W","179.9",",W","113.7",",,,W","71",",,,W","50",",,,W","87",",,,W","","","12.53",",W","17.10",",,,W","7.96",",,,W","","","150",",W","170",",W","12.5",",W","15.7",",W"
"USW00023293","2024-02","37.35938","-121.92444","15.0","SAN JOSE, CA US","6.94",",,,W","1015.7",",,,W","1013.8",",,,W","9.79",",,,W","2.9",",W","0.0","W","0.0",",W","13",",W","12",",W","0",",W","","","","","0",",W","0",",W","0",",W","5",",W","0",",W","13","","1","","20240209","+,,W","","","","","1","","20240204",",,W","20240224",",,W","3.3",",W,09,+","","","","","22.1",",,W,04,","23.9",",W,24,","609.9","W","154.1",",W","115.3",",,,W","70",",,,W","47",",,,W","86",",,,W","","","13.02",",W","17.96",",,,W","8.09",",,,W","","","180",",W","170","1,W","18.3",",W","26.4","1,W"
"USW00023293","2024-03","37.35938","-121.92444","15.0","SAN JOSE, CA US","6.71",",,,W","1015.9",",,,W","1014.1",",,,W","10.15",",,,W","3.2",",W","0.0","W","0.0",",W","14",",W","9",",W","0",",W","","","","","0",",W","0",",W","0",",W","10",",W","0",",W","10","","","","20240308",",,W","","","","","2","","20240306",",,W","20240315",",,W","5.6",",W,08,","","","","","17.3",",,W,06,","23.9",",W,15,","745.2","W","135.3",",W","79.5",",,,W","65",",,,W","45",",,,W","83",",,,W","","","13.97",",W","18.81",",,,W","9.13",",,,W","","","150",",W","120","1,W","14.3",",W","21.5","1,W"
"USW00023293","2024-04","37.35938","-121.92444","15.0","SAN JOSE, CA US","7.48",",,,W","1017.0",",,,W","1015.2",",,,W","11.29",",,,W","3.3",",W","7.8","W","7.8",",W","4",",W","2",",W","0",",W","","","","","0",",W","0",",W","0",",W","17",",W","0",",W","1","","","","20240406",",,W","","","","","","","20240413",",,W","20240422",",,W","4.4",",W,06,","","","","","11.2",",,W,13,","28.3",",W,22,","825.2","W","80.0",",W","20.6",",,,W","61",",,,W","42",",,,W","79",",,,W","","","15.92",",W","21.76",",,,W","10.08",",,,W","","","200",",W","200",",W","11.6",",W","17.4",",W"
"USW00023293","2024-05","37.35938","-121.92444","15.0","SAN JOSE, CA US","8.64",",,,W","1014.5",",,,W","1012.6",",,,W","12.77",",,,W","3.4",",W","35.8","W","28.0",",W","1",",W","1",",W","0",",W","","","","","0",",W","0",",W","0",",W","26",",W","0",",W","1","","","","20240506","+,,W","","","","","","","20240504",",,W","20240530",",,W","7.2",",W,06,+","","","","","17.0",",,W,04,","31.1",",W,30,","853.3","W","28.1",",W","17.0",",,,W","57",",,,W","37",",,,W","77",",,,W","","","18.33",",W","24.84",",,,W","11.82",",,,W","","","350",",W","350",",W","9.8",",W","13.9",",W"
"USW00023293","2024-06","37.35938","-121.92444","15.0","SAN JOSE, CA US","10.85",",,,W","1012.2",",,,W","1010.4",",,,W","15.02",",,,W","3.5",",W","125.5","W","89.7",",W","0",",W","0",",W","0",",W","","","","","0",",W","0",",W","0",",W","30",",W","3",",W","","","","","20240614",",,W","","","","","","","20240625",",,W","20240611","+,,W","11.7",",W,14,","","","","","0.0",",T,W,25,","33.3",",W,11,+","853.6","W","0.3",",W","0.0",",T,,W","55",",,,W","35",",,,W","76",",,,W","","","21.31",",W","28.22",",,,W","14.40",",,,W","","","330",",W","330",",W","10.7",",W","14.8",",W"
"USW00023293","2024-07","37.35938","-121.92444","15.0","SAN JOSE, CA US","13.75",",,,W","1013.0",",,,W","1011.1",",,,W","17.39",",,,W","3.1",",W","306.2","W","180.7",",W","0",",W","0",",W","0",",W","","","","","0",",W","0",",W","0",",W","31",",W","14",",W","","","","","20240728","+,,W","","","","","","","20240724","+,,W","20240702",",,W","15.6",",W,28,+","","","","","0.0",",T,W,24,+","38.9",",W,02,","0.0","W","0.0",",W","0.0",",T,,W","57",",,,W","38",",,,W","76",",,,W","","","24.16",",W","30.85",",,,W","17.48",",,,W","","","330",",W","310",",W","9.4",",W","12.5",",W"
"USW00023293","2024-08","37.35938","-121.92444","15.0","SAN JOSE, CA US","13.61",",,,W","1015.3",",,,W","1013.5",",,,W","16.84",",,,W","3.1",",W","433.1","W","126.9",",W","0",",W","0",",W","0",",W","","","","","0",",W","0",",W","0",",W","31",",W","6",",W","","","","","20240829","+,,W","","","","","","","20240802",",,W","20240827",",,W","15.0",",W,29,+","","","","","0.0",",T,W,02,","35.0",",W,27,","0.0","W","0.0",",W","0.0",",T,,W","63",",,,W","41",",,,W","82",",,,W","","","22.43",",W","28.79",",,,W","16.06",",,,W","","","330",",W","320","1,W","10.7",",W","15.2","1,W"
"USW00023293","2024-09","37.35938","-121.92444","15.0","SAN JOSE, CA US","14.59",",,,W","1011.9",",,,W","1010.2",",,,W","17.06",",,,W","2.6",",W","547.3","W","114.2",",W","0",",W","0",",W","0",",W","","","","","0",",W","0",",W","0",",W","30",",W","9",",W","3","","","","20240930","+,,W","","","","","","","20240930","+,,W","20240930","+,,W","13.3",",W,30,+","","","","","0.0",",,W,30,+","35.0",",W,30,+","0.0","W","0.0",",W","0.0",",,,W","69",",,,W","44",",,,W","89",",,,W","","","22.14",",W","28.89",",,,W","15.39",",,,W","","","350",",W","340",",W","8.9",",W","12.5",",W"
"USW00023293","2024-10","37.35938","-121.92444","15.0","SAN JOSE, CA US","10.62",",,,W","1015.8","1,,,W","1014.1","1,,,W","15.01",",,,W","2.3",",W","650.3","W","103.0",",W","1",",W","0",",W","0",",W","","","","","0",",W","0",",W","0",",W","29",",W","7",",W","1","","","","20241030",",,W","","","","","","","20241028",",,W","20241002",",,W","8.3",",W,30,","","","","","0.3",",,W,28,","41.1",",W,02,","11.4","W","11.4",",W","0.3",",,,W","57",",,,W","35",",,,W","79",",,,W","","","21.29",",W","28.46",",,,W","14.12",",,,W","","","330",",W","330",",W","9.4",",W","13.0",",W"
"USW00023293","2024-11","37.35938","-121.92444","15.0","SAN JOSE, CA US","5.85","1,,,W","1018.4","1,,,W","1016.6","1,,,W","10.08","1,,,W","2.8",",W","650.9","W","0.6",",W","5",",W","3",",W","0",",W","","","","","0",",W","0",",W","0",",W","9",",W","0",",W","8","","1","","20241129","+,,W","","","","","","","20241122",",,W","20241104",",,W","2.8",",W,29,+","","","","","18.3",",,W,22,","25.6",",W,04,","130.7","W","119.3",",W","33.3",",,,W","61","1,,,W","39","1,,,W","79","1,,,W","","","14.38",",W","20.11",",,,W","8.65",",,,W","","","140",",W","180",",W","12.5",",W","16.5",",W"
"USW00023293","2024-12","37.35938","-121.92444","15.0","SAN JOSE, CA US","6.45",",,,W","1021.3",",,,W","1019.6",",,,W","9.80",",,,W","2.1",",W","651.7","W","0.8",",W","9",",W","4",",W","0",",W","","","","","0",",W","0",",W","0",",W","7",",W","0",",W","","","1","","20241211",",,W","","","","","","","20241214",",,W","20241223",",,W","3.3",",W,11,","","","","","22.9",",,W,14,","23.3",",W,23,","285.2","W","154.5",",W","59.2",",,,W","66",",,,W","47",",,,W","82",",,,W","","","13.38",",W","18.65",",,,W","8.11",",,,W","","","260",",W","270",",W","13.0",",W","17.4",",W"
"USW00023293","2025-01","37.35938","-121.92444","15.0","SAN JOSE, CA US","","","","","","","","","2.0",",W","0.0","1","0.0",",W","2",",W","1",",W","0",",W","","","","","0",",W","0",",W","0",",W","6",",W","0",",W","","","","","20250127",",,W","","","","","","","20250103",",,W","20250123","+,,W","1.7",",W,27,","","","","","2.8",",,W,03,","23.3",",W,23,+","487.3","1","202.1",",W","4.3",",,,W","","","","","","","","","11.81",",W","18.12",",,,W","5.51",",,,W","","","340",",W","20",",W","9.4",",W","14.8",",W"
"USW00023293","2025-02","37.35938","-121.92444","15.0","SAN JOSE, CA US","","","","","","","","","2.8",",W","0.0","1","0.0",",W","7",",W","4",",W","2",",W","","","","","0",",W","0",",W","0",",W","4",",W","0",",W","14","","1","","20250211","+,,W","","","","","","","20250213",",,W","20250228","+,,W","0.6",",W,11,+","","","","","28.4",",,W,13,","25.0",",W,28,+","666.9","1","179.6",",W","79.0",",,,W","","","","","","","","","11.92",",W","17.35",",,,W","6.49",",,,W","","","130",",W","150",",W","14.8",",W","19.2",",W"
"USW00023293","2025-03","37.35938","-121.92444","15.0","SAN JOSE, CA US","","","","","","","","","3.3",",W","2.5","1","2.5",",W","10",",W","8",",W","0",",W","","","","","0",",W","0",",W","0",",W","4",",W","0",",W","10","","","","20250307",",,W","","","","","2","","20250312",",,W","20250325",",,W","3.3",",W,07,","","","","","11.7",",,W,12,","28.9",",W,25,","846.2","1","179.3",",W","50.1",",,,W","","","","","","","","","12.63",",W","17.81",",,,W","7.45",",,,W","","","150",",W","150","1,W","13.4",",W","20.1","1,W"
"USW00023293","2025-04","37.35938","-121.92444","15.0","SAN JOSE, CA US","","","","","","","","","2.8","2,W","2.8","1","0.3",",W","3",",W","1",",W","0",",W","","","","","0",",W","0",",W","0",",W","16",",W","0",",W","1","","","","20250403",",,W","","","","","","","20250401",",,W","20250429","+,,W","4.4",",W,03,","","","","","6.4",",,W,01,","26.7",",W,29,+","945.1","1","98.9",",W","8.0",",,,W","","","","","","","","","15.05",",W","20.76",",,,W","9.33",",,,W","","","310","2,W","310","4,1","10.7","2,W","17.0","4,1"
"USW00023293","2025-05","37.35938","-121.92444","15.0","SAN JOSE, CA US","","","","","","","","","3.5",",W","21.5","1","18.7","1,W","1",",W","1",",W","0",",W","","","","","0","1,W","0","1,W","0","1,W","24","1,W","2","1,W","1","","","","20250504",",1,W","","","","","","","20250512",",,W","20250530",",1,W","7.8","1,W,04,","","","","","2.8",",,W,12,","32.8","1,W,30,","981.6","1","36.5","1,W","2.8",",,,W","","","","","","","","","17.74","1,W","24.28","1,,,W","11.20","1,,,W","","","330",",W","330","1,W","11.2",",W","16.1","1,W"
"USW00023293","2025-06","37.35938","-121.92444","15.0","SAN JOSE, CA US","","","","","","","","","3.4",",W","41.1","1","19.6",",W","0",",W","0",",W","0",",W","","","","","0",",W","0",",W","0",",W","30",",W","0",",W","","","","","20250620","+,,W","","","","","","","20250630","+,,W","20250628",",,W","10.6",",W,20,+","","","","","0.0",",,W,30,+","31.1",",W,28,","996.8","1","15.2",",W","0.0",",,,W","","","","","","","","","18.48",",W","24.51",",,,W","12.45",",,,W","","","340",",W","300",",W","9.8",",W","14.3",",W"
"USW00023293","2025-07","37.35938","-121.92444","15.0","SAN JOSE, CA US","","","","","","","","","3.4",",W","87.5","1","46.4",",W","0",",W","0",",W","0",",W","","","","","0",",W","0",",W","0",",W","31",",W","0",",W","1","","","","20250705",",,W","","","","","","","20250731","+,,W","20250710",",,W","11.1",",W,05,","","","","","0.0",",,W,31,+","30.6",",W,10,","0.6","1","0.6",",W","0.0",",,,W","","","","","","","","","19.81",",W","25.41",",,,W","14.21",",,,W","","","340",",W","320",",W","10.7",",W","15.2",",W"
"USW00023293","2025-08","37.35938","-121.92444","15.0","SAN JOSE, CA US","","","","","","","","","3.1",",1","182.3","1","94.8",",1","0",",1","0",",1","0",",1","","","","","0",",1","0",",1","0",",1","31",",1","5",",1","","","","","20250804","+,,1","","","","","","","20250831","+,,1","20250831",",,1","13.3",",1,04,+","","","","","0.0",",,1,31,+","34.4",",1,31,","0.6","1","0.0",",1","0.0",",,,1","","","","","","","","","21.39",",1","27.49",",,,1","15.29",",,,1","","","340",",1","10",",1","9.8",",1","14.3",",1"
"USW00023293","2025-09","37.35938","-121.92444","15.0","SAN JOSE, CA US","","","","","","","","","3.0",",1","295.1","1","112.8",",1","2",",1","1",",1","0",",1","","","","","0",",1","0",",1","0",",1","30",",1","3",",1","","","","","20250903",",,1","","","","","","","20250910",",,1","20250923",",,1","15.0",",1,03,","","","","","10.4",",,1,10,","35.0",",1,23,","0.6","1","0.0",",1","11.2",",,,1","","","","","","","","","22.09",",1","27.38",",,,1","16.81",",,,1","","","200",",1","200",",1","10.7",",1","16.1",",1"
"USW00023293","2025-10","37.35938","-121.92444","15.0","SAN JOSE, CA US","","","","","","","","","2.4",",1","315.4","1","20.3",",1","3",",1","2",",1","1",",1","","","","","0",",1","0",",1","0",",1","27",",1","0",",1","","","","","20251028","+,,1","","","","","","","20251013",",,1","20251006",",,1","8.9",",1,28,+","","","","","38.6",",,1,13,","30.6",",1,06,","31.3","1","30.7",",1","50.8",",,,1","","","","","","","","","18.00",",1","23.73",",,,1","12.27",",,,1","","","220",",1","210",",1","9.8",",1","13.9",",1"
"USW00023293","2025-11","37.35938","-121.92444","15.0","SAN JOSE, CA US","","","","","","","","","2.1",",1","316.8","1","1.4",",1","6",",1","5",",1","0",",1","","","","","0",",1","0",",1","0",",1","11",",1","0",",1","","","","","20251127","+,,1","","","","","","","20251113",",,1","20251109",",,1","3.9",",1,27,+","","","","","14.7",",,1,13,","27.2",",1,09,","150.9","1","119.6",",1","52.8",",,,1","","","","","","","","","14.40",",1","19.23",",,,1","9.56",",,,1","","","140",",1","130",",1","13.0",",1","17.9",",1"
"USW00023293","2025-12","37.35938","-121.92444","15.0","SAN JOSE, CA US","","","","","","","","","2.2",",1","316.8","1","0.0",",1","6",",1","3",",1","0",",1","","","","","0",",1","0",",1","0",",1","1",",1","0",",1","","","","","20251230","+,,1","","","","","","","20251225",",,1","20251217",",,1","1.7",",1,30,+","","","","","15.5",",,1,25,","21.7",",1,17,","362.3","1","211.4",",1","32.6",",,,1","","","","","","","","","11.51",",1","15.82",",,,1","7.21",",,,1","","","170",",1","180",",1","12.5",",1","18.3",",1"
"USW00023293","2026-01","37.35938","-121.92444","15.0","SAN JOSE, CA US","","","","","","","","","2.0",",1","0.0","","0.0",",1","8",",1","5",",1","1",",1","","","","","0",",1","0",",1","0",",1","1",",1","0",",1","","","","","20260110",",,1","","","","","","","20260104",",,1","20260116",",,1","1.1",",1,10,","","","","","28.4",",,1,04,","21.7",",1,16,","569.7","","207.4",",1","57.9",",,,1","","","","","","","","","11.64",",1","17.28",",,,1","6.00",",,,1","","","140",",1","140",",1","11.2",",1","16.5",",1"
"USW00023293","2026-02","37.35938","-121.92444","15.0","SAN JOSE, CA US","","","","","","","","","2.7",",1","1.6","","1.6",",1","7",",1","7",",1","0",",1","","","","","0",",1","0",",1","0",",1","8",",1","0",",1","","","","","20260220",",,1","","","","","","","20260216",",,1","20260228",",,1","1.7",",1,20,","","","","","23.9",",,1,16,","26.1",",1,28,","716.2","","146.5",",1","78.2",",,,1","","","","","","","","","13.16",",1","18.48",",,,1","7.84",",,,1","","","140",",1","130",",1","14.3",",1","25.9",",1"
"USW00023293","2026-03","37.35938","-121.92444","15.0","SAN JOSE, CA US","","","","","","","","","2.5","1,1","26.3","","24.7","1,1","0","1,1","0","1,1","0","1,1","","","","","0","1,1","0","1,1","0","1,1","25","1,1","0","1,1","","","","","20260311",",1,1","","","","","","","20260303","+,1,1","20260320",",1,1","6.1","1,1,11,","","","","","0.0","1,T,1,03,+","31.1","1,1,20,","759.9","","43.7","1,1","0.0","1,T,,1","","","","","","","","","17.70","1,1","24.79","1,,,1","10.61","1,,,1","","","350","1,1","350","1,1","10.7","1,1","16.5","1,1"
